rank,web
0,tmall.com
1,baidu.com
2,qq.com
3,sohu.com
4,taobao.com
5,360.cn
6,jd.com
7,weibo.com
8,sina.com.cn
9,xinhuanet.com
10,alipay.com
11,panda.tv
12,zhanqi.tv
13,csdn.net
14,google.com.hk
15,tianya.cn
16,huanqiu.com
17,yy.com
18,17ok.com
19,1688.com
20,sogou.com
21,mama.cn
22,so.com
23,jrj.com.cn
24,babytree.com
25,google.cn
26,haosou.com
27,cnblogs.com
28,6.cn
29,gome.com.cn
30,163.com
31,aliyun.com
32,hao123.com
33,zhihu.com
34,rednet.cn
35,bilibili.com
36,iqiyi.com
37,51sole.com
38,eastday.com
39,cnzz.com
40,51.la
41,google.com
42,soso.com
43,360.com
44,cnnic.cn
45,tudou.com
46,sonhoo.com
47,amazon.cn
48,youtube.com
49,zol.com.cn
50,efu.com.cn
51,bing.com
52,cdstm.cn
53,iyiou.com
54,jianshu.com
55,focus.cn
56,ih5.cn
57,ibicn.com
58,58.com
59,mfisp.com
60,gusuwang.com
61,liansuo.com
62,51yes.com
63,ecv360.com
64,360doc.com
65,yc58.com
66,312168.com
67,meituan.com
68,ccaonline.cn
69,dianping.com
70,mseav.com
71,sq.cn
72,cpic.com.cn
73,douban.com
74,runoob.com
75,ekaie.com
76,huaban.com
77,oschina.net
78,kq36.com
79,chinaz.com
80,house365.com
81,caigou2003.com
82,chinanetrank.com
83,qdn.cn
84,babyschool.com.cn
85,it168.com
86,umeng.com
87,hh010.com
88,smm.cn
89,people.com.cn
90,youth.cn
91,cnbeta.com
92,huajiarui.com.cn
93,youku.com
94,haoyer.com
95,chinachugui.com
96,chinayigui.com
97,chinamenwang.com
98,vvvdj.com
99,chinaweiyu.com
100,tencent.com
101,morningpost.com.cn
102,9384.com
103,258.com
104,chaduo.com
105,pcbaby.com.cn
106,v2ex.com
107,home77.com
108,iweihai.cn
109,jia400.com
110,xabbs.com
111,huim.com
112,weixinyunduan.com
113,eee114.com
114,jb51.net
115,chinafloor.cn
116,w3school.com.cn
117,iliangcang.com
118,toutiao.com
119,eastmoney.com
120,huamu.cn
121,creditchina.gov.cn
122,boc.cn
123,zhibo8.cc
124,tiaomu.com
125,gamersky.com
126,91jm.com
127,guifun.com
128,gongkong.com
129,fun48.com
130,510hr.com
131,docin.com
132,www.gov.cn
133,cebnet.com.cn
134,pchouse.com.cn
135,chinadaily.com.cn
136,haofang.net
137,gmw.cn
138,zcool.com.cn
139,36kr.com
140,dedecms.com
141,alimama.com
142,wordpress.com
143,znds.com
144,xmnn.cn
145,xiami.com
146,topfo.com
147,chinadd.cn
148,anjuke.com
149,duba.com
150,zxxk.com
151,renren.com
152,shimo.im
153,gh0089.com
154,3dmgame.com
155,jjwxc.net
156,mydrivers.com
157,cfsbcn.com
158,eqxiu.com
159,wangdaidongfang.com
160,dangdang.com
161,firefoxchina.cn
162,ywart.com
163,oeeee.com
164,52pk.com
165,southcn.com
166,tsichuan.com
167,rencaijob.com
168,jzjncy.com
169,newsmth.net
170,familydoctor.com.cn
171,51auto.com
172,sina.cn
173,5858.com
174,chooseauto.com.cn
175,ngacn.cc
176,cnwnews.com
177,5acbd.com
178,t66y.com
179,b2b.cn
180,wto168.net
181,9978.cn
182,ebrun.com
183,chinajsq.cn
184,kdslife.com
185,xtx6.com
186,9lianmeng.com
187,5dcar.com
188,amazon.com
189,720vt.com
190,313.cn
191,chinabm.cn
192,52pojie.cn
193,chsi.com.cn
194,xgo.com.cn
195,lamabang.com
196,douyu.com
197,mei.net.cn
198,hrloo.com
199,9r.cn
200,visitbeijing.com.cn
201,hjenglish.com
202,400.cn
203,onlinedown.net
204,ifeng.com
205,365jia.cn
206,ynet.com
207,uimaker.com
208,apple.com.cn
209,sf-express.com
210,ems.com.cn
211,goldcarpet.cn
212,gangde.net
213,5118.com
214,kafan.cn
215,tmtpost.com
216,smzdm.com
217,bzw315.com
218,xiu.com
219,huya.com
220,cyol.com
221,aizhan.com
222,cqhot.cn
223,caichongwang.com
224,xjtu.edu.cn
225,chinagate.cn
226,yinyuetai.com
227,appgame.com
228,mojifen.com
229,jd.hk
230,quandashi.com
231,hnu.edu.cn
232,dangbei.com
233,fanlibang.com
234,hea.cn
235,chinaswitch.com
236,imooc.com
237,sjtu.edu.cn
238,niuche.com
239,bbwhf.com
240,eccn.com
241,d1net.com
242,lianjia.com
243,7po.com
244,cnki.net
245,66cruises.com
246,diannaojc.com
247,kuaidi100.com
248,jxmall.com
249,youdao.com
250,weibo.cn
251,720mp4.com
252,fanwenwangzhan.com
253,jnu.edu.cn
254,61ef.cn
255,vmall.com
256,szu.edu.cn
257,worktile.com
258,36dm.com
259,126.com
260,gxu.edu.cn
261,39.net
262,sznews.com
263,qcloud.com
264,zhcw.com
265,battlenet.com.cn
266,kugou.com
267,winshang.com
268,cncn.org.cn
269,ximalaya.com
270,nga.cn
271,2345.com
272,yxdown.com
273,bozhong.com
274,sunsu521.com
275,wkzuche.com
276,d1ev.com
277,hangseng.com
278,cn163.net
279,9876ydd.com
280,fx678.com
281,7gz.com
282,lhy999.com
283,800hr.com
284,gao7.com
285,wanfangdata.com.cn
286,china-ef.com
287,123.com.cn
288,foodmate.net
289,yixiin.com
290,feng.com
291,19888.tv
292,dytt8.net
293,skycn.com
294,ooopic.com
295,ccidnet.com
296,chinatax.gov.cn
297,dv37.com
298,gongchang.com
299,sou300.com
300,93913.com
301,thepaper.cn
302,miaopai.com
303,baiducontent.com
304,4px.com
305,yijiadh.com
306,vip.com
307,xiaomi.com
308,hao245.com
309,114la.com
310,lieyunwang.com
311,pku.edu.cn
312,zhaopin.com
313,wikipedia.org
314,haiwainet.cn
315,xitek.com
316,xiachufang.com
317,dxy.cn
318,10010.com
319,spzs.com
320,techweb.com.cn
321,flyme.cn
322,jiemian.com
323,sciencenet.cn
324,hkgolden.com
325,gamedog.cn
326,a9vg.com
327,nih.gov
328,51job.com
329,mtime.com
330,189.cn
331,guidechem.com
332,huxiu.com
333,ali213.net
334,zhiding.cn
335,wjyt-china.org
336,sz.gov.cn
337,ijie.com
338,youzan.com
339,aliexpress.com
340,autohome.com.cn
341,zhaoshang.net
342,maidi.me
343,xiazaiba.com
344,sumibuy.com
345,chinabus.info
346,x-mol.com
347,fy169.net
348,qeqeqe.com
349,7k7k.com
350,verydesigner.cn
351,3t.cn
352,microsoft.com
353,timeoutcn.com
354,chuandong.com
355,gd.gov.cn
356,itavcn.com
357,byrenjia.com
358,91boshi.net
359,51ade.com
360,w7000.com
361,ylsw.com
362,gfan.com
363,90tiyu.com
364,xiaohongshu.com
365,zhuwang.cc
366,9game.cn
367,rabbitpre.com
368,topbiz360.com
369,china360.cn
370,zxart.cn
371,cr173.com
372,xxinn887.com
373,zhangyu.tv
374,duomai.com
375,haoliv.com
376,lidingzhong.com
377,cloudscar.com
378,zbj.com
379,miit.gov.cn
380,178.com
381,yes206.com
382,doc88.com
383,1717pk.com
384,aso100.com
385,liecheng.cn
386,aipai.com
387,6789.com
388,verycd.com
389,cctv.com
390,subhd.com
391,dapenti.com
392,u17.com
393,hupu.com
394,iod2.cn
395,fzg360.com
396,btkitty.bid
397,hc360.com
398,banma.com
399,camfrog.com
400,beijing.gov.cn
401,hudong.com
402,west.cn
403,cnr.cn
404,chuansong.me
405,ftchinese.com
406,meizu.com
407,cnal.com
408,588ku.com
409,zju.edu.cn
410,book118.com
411,miercn.com
412,mingpao.com
413,yhd.com
414,10jqka.com.cn
415,tongtool.com
416,acfun.cn
417,wtoutiao.com
418,2mnd56.com
419,xueqiu.com
420,21food.cn
421,jining.com
422,ithome.com
423,alibaba-inc.com
424,ctrip.com
425,120ask.com
426,gold678.com
427,ca800.com
428,lagou.com
429,mockplus.cn
430,ygdy8.net
431,aicheren.com
432,jc001.cn
433,daxuecidian.com
434,saraba1st.com
435,newduba.cn
436,bootcss.com
437,geihui.com
438,kanzhun.com
439,github.com
440,xuexila.com
441,dingtalk.com
442,5pao.com
443,segmentfault.com
444,cncv.org.cn
445,oa.com
446,baixing.com
447,apple.com
448,fang.com
449,processon.com
450,woshipm.com
451,weather.com.cn
452,qianx6.com
453,alicdn.com
454,jiayuan.com
455,ttmeiju.com
456,it1352.com
457,yunexpress.com
458,ename.net
459,ifensi.com
460,microsoftonline.com
461,cas.cn
462,istv.com.cn
463,hsbc.com.hk
464,m-team.cc
465,liepin.com
466,10086.cn
467,pornhub.com
468,southmoney.com
469,koolearn.com
470,ebay.com
471,ck365.cn
472,weidian.com
473,rrys2020.com
474,dnspod.cn
475,flyertea.com
476,58pic.com
477,pc6.com
478,cps.com.cn
479,solidot.org
480,educity.cn
481,teambition.com
482,dy2018.com
483,live.com
484,dianxiaomi.com
485,icourse163.org
486,mgtv.com
487,imiker.com
488,mydigit.cn
489,mangoerp.com
490,udesk.cn
491,chem17.com
492,coding.net
493,penademo.wordpress.com
494,51cto.com
495,liuxue86.com
496,uisdc.com
497,zybang.com
498,ustc.edu.cn
499,maxtv.cn
500,lianlianpay.com
501,ygdy8.com
502,mioffice.cn
503,shangxueba.com
504,instrument.com.cn
505,lenovo.com.cn
506,cocoachina.com
507,msn.cn
508,pinduoduo.com
509,online.sh.cn
510,jisilu.cn
511,9ku.com
512,699pic.com
513,elecfans.com
514,letpub.com.cn
515,ijiandao.com
516,17house.com
517,sh.gov.cn
518,mikecrm.com
519,tsinghua.edu.cn
520,chinaunix.net
521,csai.cn
522,81.cn
523,tianyancha.com
524,feijiu.net
525,tmall.hk
526,weiyun.com
527,11467.com
528,guancha.cn
529,66law.cn
530,yunaq.com
531,jobui.com
532,ieee.org
533,5idhl.com
534,kongfz.com
535,audio160.com
536,wallstreetcn.com
537,chuangkit.com
538,ip138.com
539,modao.cc
540,chaoxing.com
541,meishij.net
542,chiphell.com
543,ixigua.com
544,leetcode-cn.com
545,chengdun.com
546,sciencedirect.com
547,dongsport.com
548,pptv.com
549,ablesky.com
550,mxhichina.com
551,alibaba.com
552,lusongsong.com
553,layui.com
554,findlaw.cn
555,asmag.com.cn
556,cndhl.com
557,jdzj.com
558,jikexueyuan.com
559,yinxiang.com
560,eepw.com.cn
561,iianews.com
562,huamu.com
563,libaclub.com
564,cifnews.com
565,growingio.com
566,rcfans.com
567,casicloud.com
568,bejson.com
569,crsky.com
570,ctfile.com
571,tower.im
572,treasurer.org.cn
573,ruiwen.com
574,jandan.net
575,4399.com
576,hsbianma.com
577,china.cn
578,viptijian.com
579,oray.com
580,aliyuncs.com
581,wanyx.com
582,yuanlin.com
583,cri.cn
584,zealer.com
585,iconfont.cn
586,nipic.com
587,sm.cn
588,ds-360.com
589,downza.cn
590,aies.cn
591,amazon.co.uk
592,cheshi.com
593,cio360.net
594,ujigu.com
595,hebnews.cn
596,51240.com
597,biligame.com
598,ant.design
599,leiphone.com
600,8kana.com
601,oneplusbbs.com
602,ixueshu.com
603,ename.com
604,amap.com
605,kancloud.cn
606,muchong.com
607,sinaimg.cn
608,cjn.cn
609,hk01.com
610,a.com.cn
611,china.com
612,chayu.com
613,stackoverflow.com
614,bendibao.com
615,thinkphp.cn
616,dcloud.net.cn
617,chinasexq.com
618,chinatt.com
619,gbgame.com.tw
620,expedia.com.hk
621,totheglory.im
622,th7.cn
623,moegirl.org
624,open-open.com
625,winit.com.cn
626,meiju11.com
627,juooo.com
628,szlcsc.com
629,qqbaobao.com
630,pudn.com
631,macx.cn
632,chengdu.cn
633,siilu.com
634,taojindi.com
635,6vhao.com
636,61learn.com
637,wlmq.com
638,chinahrt.com
639,indeed.com.pe
640,liaoxuefeng.com
641,kepu.net.cn
642,gaoqing.la
643,jizhangla.com
644,4-d.cn
645,wugu.com.cn
646,rthk.hk
647,jinshuju.net
648,xitongzhijia.net
649,jpyoo.com
650,tiancity.com
651,cpta.com.cn
652,linkhaitao.com
653,ujipin.com
654,zimuku.net
655,wenjuan.com
656,chmotor.cn
657,jdpay.com
658,cn2che.com
659,3367.com
660,cjdby.net
661,juanpi.com
662,ibabyzone.cn
663,12306.cn
664,loldytt.com
665,icq100.com
666,gstv.com.cn
667,lbldy.com
668,missevan.com
669,xiumi.us
670,6vhao.net
671,447651.com
672,ccgp.gov.cn
673,huijiwiki.com
674,lemall.com
675,trueart.com
676,banggood.com
677,16788.cn
678,ccb.com
679,hket.com
680,zhujiceping.com
681,kf5.com
682,sanwen8.cn
683,25pp.com
684,chinapp.com
685,cmbchina.com
686,yiqifa.com
687,ddooo.com
688,571xz.com
689,jobbole.com
690,i4.cn
691,ename.cn
692,2025china.cn
693,eq28.cn
694,cheshen.cn
695,duitang.com
696,78dm.net
697,weimob.com
698,kaikeba.com
699,vgtime.com
700,jiushang.cn
701,followone.com
702,kuai8.com
703,seowhy.com
704,sodao.com
705,seo.com.cn
706,juzimi.com
707,panduoduo.net
708,saic.gov.cn
709,pconline.com.cn
710,letscorp.net
711,iciba.com
712,istar.cn
713,dlkoo.com
714,qiku.com
715,beisen.com
716,yidianzixun.com
717,hxsxw.com
718,zhonghongwang.com
719,dgtle.com
720,1ppt.com
721,dysfz.net
722,fobshanghai.com
723,medsci.cn
724,kingtrans.cn
725,ilxdh.com
726,chinaipo.com
727,365cgw.com
728,traveldaily.cn
729,mafengwo.cn
730,meijutt.com
731,qidian.com
732,huajia.cc
733,hdpfans.com
734,bjx.com.cn
735,gitee.com
736,scs.gov.cn
737,wines-info.com
738,zaobao.com
739,jlchina.cn
740,stcn.com
741,icbc.com.cn
742,bjtu.edu.cn
743,t.cn
744,biquge.info
745,json.cn
746,iteye.com
747,taoguba.com.cn
748,studygolang.com
749,gushiwen.org
750,bankofchina.com
751,szhome.com
752,xiguaji.com
753,hi-pda.com
754,dcloud.io
755,yahoo.com
756,miguvideo.com
757,sdbeta.com
758,outlook.cn
759,hexun.com
760,dmzj.com
761,bidcenter.com.cn
762,darademo.wordpress.com
763,szhk.com
764,god-boss.net
765,themebetter.com
766,webofknowledge.com
767,jq22.com
768,18183.com
769,wed114.cn
770,7btjia.com
771,metroer.com
772,dygang.com
773,takesend.com
774,cli.im
775,cnki.com.cn
776,kuaishou.com
777,ruc.edu.cn
778,chukou1.com
779,12371.cn
780,geekbang.org
781,kaitao.cn
782,chinaacc.com
783,xhamster14.com
784,whu.edu.cn
785,16xx8.com
786,pcauto.com.cn
787,offcn.com
788,jstv.com
789,ibaotu.com
790,g-fox.cn
791,zx123.cn
792,110.com
793,mokahr.com
794,mamicode.com
795,ofweek.com
796,mabangerp.com
797,byr.cn
798,liqucn.com
799,myzaker.com
800,zunh.cn
801,199it.com
802,coolchasgamer.wordpress.com
803,911cha.com
804,erji.net
805,fuliba2020.net
806,sm160.com
807,yiibai.com
808,mureds.com
809,freebuf.com
810,jiegeng.com
811,64365.com
812,patfun.com
813,wjx.cn
814,hostloc.com
815,enfamily.cn
816,stats.gov.cn
817,yuque.com
818,17173.com
819,starbucks.com.cn
820,springer.com
821,17track.net
822,shangc.net
823,bossgoo.com
824,erisdemo.wordpress.com
825,pedaily.cn
826,dzsc.com
827,foodjx.com
828,huanqiuauto.com
829,maigoo.com
830,5156edu.com
831,longzhu.com
832,appinn.com
833,jdwx.info
834,niaogebiji.com
835,meican.com
836,yangkeduo.com
837,nwpu.edu.cn
838,tophere.cn
839,bubuko.com
840,qiniu.com
841,zj.gov.cn
842,chazidian.com
843,easemob.com
844,advertcn.com
845,cssmoban.com
846,yicai.com
847,dzwww.com
848,wiley.com
849,meijutt.tv
850,dfcfw.com
851,donews.com
852,zhipin.com
853,chd.edu.cn
854,piaohua.com
855,lookchem.cn
856,chinanews.com
857,xincheng.com
858,17sucai.com
859,y80s.com
860,win007.com
861,xidian.edu.cn
862,lanrentuku.com
863,bzfxw.com
864,sdo.com
865,cqvip.com
866,010shangpu.com
867,yiihuu.com
868,youboy.com
869,downxia.com
870,51fashion.com.cn
871,banggood.cn
872,deyi.com
873,shippingchina.com
874,lofter.com
875,myexception.cn
876,cau.edu.cn
877,knet.cn
878,bgcheck.cn
879,cambridge.org
880,iplaysoft.com
881,xinnet.com
882,ltaaa.com
883,yahoo.co.jp
884,51nb.com
885,ichunt.com
886,8684.cn
887,eoffcn.com
888,bizcn.com
889,629.cc
890,cn3x.com.cn
891,21dianyuan.com
892,polyv.net
893,vipkid.com.cn
894,tool.lu
895,chyxx.com
896,ecnu.edu.cn
897,nankai.edu.cn
898,ruanyifeng.com
899,greasyfork.org
900,tongji.edu.cn
901,aladdin-e.com
902,wondershare.cn
903,elsevier.com
904,360che.com
905,youxiuhr.com
906,linkshop.com.cn
907,yunpian.com
908,doyo.cn
909,weitainet.com
910,xht888.com
911,3gmfw.cn
912,hunliji.com
913,laawoo.com
914,tesla.cn
915,youxiniao.com
916,vhall.com
917,mi.com
918,chinaxiaokang.com
919,pkulaw.cn
920,shiyebian.net
921,sensorsdata.cn
922,win7zhijia.cn
923,topys.cn
924,neea.edu.cn
925,netbian.com
926,263.net
927,fesco.com.cn
928,cqu.edu.cn
929,uc.cn
930,gogoup.com
931,sanjieke.cn
932,nwsuaf.edu.cn
933,cib.com.cn
934,china.com.cn
935,ucloud.cn
936,bbtnews.com.cn
937,bookschina.com
938,3618med.com
939,manmanbuy.com
940,720yun.com
941,bd-film.cc
942,swoole.com
943,03da.com
944,vanityfair.com
945,cc5.net
946,cn-healthcare.com
947,fenbi.com
948,kfc.com.cn
949,yunzhijia.com
950,zblogcn.com
951,beian.gov.cn
952,shgjj.com
953,zyzhan.com
954,3h3.com
955,huodongxing.com
956,bjeea.cn
957,xitongcheng.com
958,paidai.com
959,qegoo.cn
960,by56.com
961,ppkao.com
962,jiameng.com
963,hqew.com
964,microsoftstore.com.cn
965,bjmu.edu.cn
966,wdku.net
967,tianqi.com
968,zaoche168.com
969,job592.com
970,spdb.com.cn
971,jianke.com
972,tb.cn
973,dongqiudi.com
974,yuemei.com
975,ndrc.gov.cn
976,meizhou.cn
977,86pla.com
978,xinli001.com
979,35.com
980,hdhome.org
981,amazon.in
982,tedu.cn
983,joinquant.com
984,nongjx.com
985,dida365.com
986,openjudge.cn
987,pospal.cn
988,qianyan.biz
989,lxwc.com.cn
990,buyiju.com
991,cnforex.com
992,shisu.edu.cn
993,135editor.com
994,cnad.com
995,biancheng.net
996,qulishi.com
997,kuwo.cn
998,webmasterhome.cn
999,zdface.com
1000,51ape.com
1001,xiaoshouyi.com
1002,5h.com
1003,szhgh.com
1004,metrofans.cn
1005,douxie.com
1006,tezhongzhuangbei.com
1007,swjtu.edu.cn
1008,cgown.com
1009,zoom.us
1010,leha.com
1011,meiwish.com
1012,bochk.com
1013,teacheredu.cn
1014,gensee.com
1015,redocn.com
1016,google.co.uk
1017,k73.com
1018,tanx.com
1019,chot.cn
1020,cncrk.com
1021,okooo.com
1022,xdjd.cn
1023,uc129.com
1024,zq24.com
1025,sinotf.com
1026,cmd5.com
1027,bgm.tv
1028,bit.edu.cn
1029,bandwagonhost.com
1030,yinfans.com
1031,freekaoyan.com
1032,680.com
1033,vivo.com.cn
1034,uzzf.com
1035,tumblr.com
1036,javdb5.com
1037,rrys.tv
1038,fjnx.com.cn
1039,atatech.org
1040,cidianwang.com
1041,17ce.com
1042,gx211.com
1043,shmtu.edu.cn
1044,swiper.com.cn
1045,queensu.ca
1046,ijianji.com
1047,jitaba.cn
1048,ucas.ac.cn
1049,liebiao.com
1050,doutula.com
1051,nju.edu.cn
1052,netded.com
1053,wpjam.com
1054,yiwan.com
1055,newcger.com
1056,lawtime.cn
1057,pmcaff.com
1058,622609.com
1059,99bill.com
1060,mushroommarket.net
1061,ruijie.com.cn
1062,21wecan.com
1063,sccnn.com
1064,hackhome.com
1065,962.net
1066,cstnet.cn
1067,guanggoo.com
1068,chinaport.gov.cn
1069,orsoon.com
1070,webkaka.com
1071,nasyun.com
1072,zentao.net
1073,pptok.com
1074,tmsf.com
1075,ulifestyle.com.hk
1076,qqtn.com
1077,qiuziti.com
1078,gxzpw.org
1079,appchina.com
1080,logitech.com.cn
1081,gaosiedu.com
1082,digitaling.com
1083,hujiang.com
1084,scau.edu.cn
1085,ccb.com.cn
1086,goodgupiao.com
1087,mumayi.com
1088,293.net
1089,world68.com
1090,neu.edu.cn
1091,cuc.edu.cn
1092,9ht.com
1093,action.tumblr.com
1094,portablesoft.org
1095,windows7en.com
1096,ccf.org.cn
1097,shui5.cn
1098,meidebi.com
1099,vzan.com
1100,yande.re
1101,huodongjia.com
1102,escience.cn
1103,9610.com
1104,researchgate.net
1105,jinritemai.com
1106,8080.net
1107,chinabyte.com
1108,amazon.fr
1109,xtu.edu.cn
1110,mubu.com
1111,98zudisw.xyz
1112,benlai.com
1113,p2peye.com
1114,zuche.com
1115,bigquant.com
1116,ijinshan.com
1117,asus.com.cn
1118,xici.net
1119,bytedance.net
1120,glofang.com
1121,ys168.com
1122,iqilu.com
1123,mg21.com
1124,flightclub.cn
1125,jyeoo.com
1126,cmbc.com.cn
1127,blizzard.cn
1128,haozu.com
1129,jzb.com
1130,axure.com.cn
1131,bmw.com.cn
1132,yw11.com
1133,chinacourt.org
1134,998pu.com
1135,disktool.cn
1136,itpub.net
1137,streamingporn.xyz
1138,newrank.cn
1139,xilu.com
1140,huatu.com
1141,chashebao.com
1142,107cine.com
1143,cuishifeng.cn
1144,juxia.com
1145,100tal.com
1146,1518.com
1147,xiechuangw.com
1148,uszcn.com
1149,coolshell.cn
1150,3elife.net
1151,xiaomi.net
1152,ichuanglan.com
1153,audi.cn
1154,37.com
1155,wuyou.net
1156,kaixin001.com
1157,xinpianchang.com
1158,yue365.com
1159,adquan.com
1160,973.com
1161,chinairn.com
1162,qunar.com
1163,yundaex.com
1164,ittribalwo.com
1165,kaoyan.com
1166,whatsonshenzhen.com
1167,kankanwu.com
1168,qingting.fm
1169,vogue.com.cn
1170,ikang.com
1171,sex8.cc
1172,headphoneclub.com
1173,toutiao.io
1174,ubisoft.com.cn
1175,oceanengine.com
1176,hscode.net
1177,hfut.edu.cn
1178,blockvalue.com
1179,6vgood.com
1180,live800.com
1181,granbluefantasy.jp
1182,pushauction.com
1183,qpic.cn
1184,ylfx.com
1185,juesheng.com
1186,zhixing123.cn
1187,creativemotor.com
1188,xueda.com
1189,lz13.cn
1190,shu.edu.cn
1191,leancloud.cn
1192,2898.com
1193,hao6v.net
1194,playstation.com.cn
1195,talkingdata.com
1196,iwshang.com
1197,ahu.edu.cn
1198,gzidc.com
1199,kukuw.com
1200,taoshouyou.com
1201,51yangsheng.com
1202,wang1314.com
1203,0575ls.cn
1204,romzhijia.net
1205,artstation.com
1206,testerhome.com
1207,belltrip.cn
1208,maka.im
1209,cena.com.cn
1210,mob.com
1211,lanzous.com
1212,sobot.com
1213,unimhk.com
1214,guangyuanol.cn
1215,ixiumei.com
1216,cqn.com.cn
1217,iclick.cn
1218,102tv.cn
1219,zhaoshang100.com
1220,gerensuodeshui.cn
1221,yzz.cn
1222,dectv.tv
1223,kanguowai.com
1224,niuza.com
1225,itmop.com
1226,in-en.com
1227,jisutiyu.com
1228,makeding.com
1229,gezila.com
1230,wenzhou.gov.cn
1231,ys7.com
1232,gaokao.com
1233,golaravel.com
1234,lenosoft.net
1235,iwencai.com
1236,9gag.com
1237,liulichangchina.com
1238,aboutcg.org
1239,zara.cn
1240,youngchina.cn
1241,codeforge.cn
1242,homekoo.com
1243,huke88.com
1244,gdut.edu.cn
1245,qlrc.com
1246,eben.cn
1247,httpcn.com
1248,codeigniter.org.cn
1249,cn4e.com
1250,colobu.com
1251,guiguanrc.com
1252,cnfla.com
1253,daimg.com
1254,ttpet.com
1255,wuzuowei.net
1256,tingroom.com
1257,macklin.cn
1258,nmc.cn
1259,huiyi8.com
1260,jianpu.cn
1261,mindray.com
1262,freewl.com
1263,jxcad.com.cn
1264,netease.com
1265,crifan.com
1266,seo.net.cn
1267,sswoo.com
1268,h2o-china.com
1269,qbtchina.com
1270,shanbay.com
1271,amanbo.com
1272,uibe.edu.cn
1273,duanwenxue.com
1274,laomaotao.net
1275,psi.com.cn
1276,szlib.org.cn
1277,kuaidazhe.com
1278,imprint5.com
1279,itheima.com
1280,zpsoso.com
1281,ahwang.cn
1282,xiangshanart.com
1283,28hse.com
1284,tuhu.cn
1285,ourocg.cn
1286,jiangshi.org
1287,zhongan.com
1288,utosee.com
1289,neea.cn
1290,gdfs.com
1291,qingcloud.com
1292,jxedt.com
1293,hbut.edu.cn
1294,11315.com
1295,7edown.com
1296,360kuai.com
1297,news.gov.hk
1298,olb.cn
1299,zyshow.net
1300,qumei.com
1301,diggbt.ws
1302,viidii.info
1303,mihoyo.com
1304,wauee.com
1305,ouhk.edu.hk
1306,aijianji.com
1307,51hei.com
1308,zxjsq.net
1309,mindstore.io
1310,daofire.com
1311,laomaotao.org
1312,scholarmate.com
1313,szcw.cn
1314,soulady.net
1315,quanjinglian.com
1316,dqc100.com
1317,ibeike.com
1318,jumbo-computer.com
1319,wiz.cn
1320,wnacg.org
1321,jss.com.cn
1322,pinggu.org
1323,kuaishang.cn
1324,mcdonalds.com.hk
1325,xiamenair.com
1326,workerman.net
1327,buick.com.cn
1328,169ol.com
1329,cmmov.com
1330,torrentkitty.app
1331,2345.net
1332,youzu.com
1333,miaogu.com
1334,59744.com
1335,niaolei.org.cn
1336,bjguahao.gov.cn
1337,etyyy.com
1338,kt51.com
1339,elleshop.com.cn
1340,dockone.io
1341,pbtxt.com
1342,dnspod.com
1343,yanshixin.com
1344,9ria.com
1345,easypronunciation.com
1346,yeepay.com
1347,7y7.com
1348,gokuai.com
1349,ituring.com.cn
1350,moxdao.com
1351,mofangge.com
1352,aliyun-inc.com
1353,duwenz.com
1354,andar.co.kr
1355,tradezz.com
1356,wdlinux.cn
1357,a5.net
1358,china-10.com
1359,cnprint.org
1360,ourjs.com
1361,duba.net
1362,3454.com
1363,99xyx.com
1364,jeecms.com
1365,fob001.cn
1366,boohee.com
1367,salarycalculator.sinaapp.com
1368,leanote.com
1369,cufe.edu.cn
1370,zpsjled.cn
1371,szhff.com
1372,kdocs.cn
1373,chinabaike.com
1374,daman.cc
1375,okoer.com
1376,52watch.com
1377,hrtsea.com
1378,windowszj.com
1379,bjut.edu.cn
1380,1198.cn
1381,80vps.com
1382,hdtime.org
1383,timetimetime.net
1384,fudan.edu.cn
1385,8884321.com
1386,allegro.pl
1387,lifanr.com
1388,591.com.hk
1389,sdcms.cn
1390,yuwenmi.com
1391,maoyan.com
1392,djkk.com
1393,utoronto.ca
1394,v.com.cn
1395,fwxgx.com
1396,lianshang.com
1397,meethk.com
1398,galacg.me
1399,huawei.com
1400,chukong-inc.com
1401,fontsov.com
1402,xxcb.cn
1403,100bt.com
1404,missyuan.com
1405,yyge.com
1406,td.gov.hk
1407,nowmsg.com
1408,ibook8.com
1409,moneyhero.com.hk
1410,djye.com
1411,youkelai.com
1412,cecb2b.com
1413,ugsnx.com
1414,evolife.cn
1415,seewide.com
1416,tongyi.com
1417,b2b168.com
1418,huashan.org.cn
1419,100trade.com
1420,vjmedia.com.hk
1421,zouba.cn
1422,genban.org
1423,tuling123.com
1424,blue1000.com
1425,yanyue.cn
1426,nmgnews.com.cn
1427,chinacache.com
1428,zol.com
1429,keruyun.com
1430,wmxa.cn
1431,radio366.com
1432,tq.cn
1433,x-kicks.com
1434,pingwest.com
1435,iqsu.cn
1436,2lyx.com
1437,threecn.com
1438,cbnweek.com
1439,allegro-inc.com
1440,hkgalden.com
1441,shouji.com.cn
1442,buaa.edu.cn
1443,hxsd.com
1444,jinlist.com
1445,soocedu.com
1446,5idev.com
1447,akuziti.com
1448,g312.com
1449,hizbo.com
1450,hr.com.cn
1451,jinbazhe.com
1452,jlonline.com
1453,cydf.com
1454,wine-world.com
1455,improvealexaranking.com
1456,book4you.org
1457,techeblog.com
1458,feishu.cn
1459,guanaitong.com
1460,eetrend.com
1461,jz100.com
1462,72177.com
1463,artron.net
1464,wanchengwenku.com
1465,bengbeng.com
1466,stheadline.com
1467,ky188.cn
1468,881903.com
1469,acg12.com
1470,javbus.in
1471,ting30.com
1472,cmt.com.cn
1473,haote.com
1474,izaojiao.com
1475,taohuren.com
1476,99click.com
1477,liangao.com
1478,chinamost.net
1479,wtdgps.com
1480,cartoonwin.com
1481,myday.cn
1482,yuhuagu.com
1483,3366.com
1484,cdu.edu.cn
1485,liangzijievip.com
1486,ape-tech.com
1487,330f.tk
1488,changjiangtimes.com
1489,zqzz.com
1490,kktv5.com
1491,konka.com
1492,chengshiluntan.com
1493,go007.com
1494,15897.com
1495,rhy.com.cn
1496,jjlg.com.cn
1497,ht88.com
1498,sogang.ac.kr
1499,ibcut.com
1500,92wy.com
1501,jchere.com
1502,sheet.host
1503,cupl.edu.cn
1504,idting.com
1505,qtfy.cc
1506,rmdown.com
1507,js-lottery.com
1508,jobcn.com
1509,shoreditchdemo.wordpress.com
1510,smartone.com
1511,mso8.com
1512,pep.com.cn
1513,bios.net.cn
1514,shuame.com
1515,xcar.com.cn
1516,nonobank.com
1517,chinacir.com.cn
1518,cztv.com
1519,sz3e.com
1520,xdf.cn
1521,sucaibar.com
1522,fj987.com
1523,daocloud.io
1524,54new.com
1525,qixing123.com
1526,uehtml.com
1527,bjzq.com.cn
1528,yxj.org.cn
1529,xiaodaoxing.com
1530,pc0359.cn
1531,gizwits.com
1532,ubuntukylin.com
1533,got002.com
1534,yimuhe.com
1535,genomics.cn
1536,anglo-chinese.com
1537,dable.io
1538,fenxs.com
1539,codesec.net
1540,sztb.gov.cn
1541,crrjz.com
1542,cad.com.cn
1543,iqianjin.com
1544,homefei.net
1545,goldtoutiao.com
1546,gxbs.net
1547,shuichan.cc
1548,kmplayer.cn
1549,zdtxt.com
1550,233mr.com
1551,huitu.com
1552,drv5.cn
1553,bwh1.net
1554,haidaibao.com
1555,51edu.com
1556,censtatd.gov.hk
1557,7788.com
1558,maxthon.cn
1559,dyjdj.com
1560,allyingshi.com
1561,ipadown.com
1562,oiegg.com
1563,loongtao.com
1564,spc365.com
1565,kk3.cc
1566,5ibc.net
1567,xker.com
1568,yidaba.com
1569,vivijk.com
1570,pjtime.com
1571,hi138.com
1572,suzhou.gov.cn
1573,ocg.com.cn
1574,qqai.net
1575,mm111.net
1576,goalchina.net
1577,safety.com.cn
1578,blcu.edu.cn
1579,yiichina.com
1580,vpser.net
1581,tc711.com
1582,dayila.net
1583,imac.hk
1584,weizhang8.cn
1585,mingrenziliao.com
1586,nsw88.com
1587,zdfans.com
1588,xiaohx.net
1589,wifisong.com
1590,fanw8.com
1591,hkepc.com
1592,sflep.com
1593,likejapan.com
1594,chinadmd.com
1595,rsdown.cn
1596,donmai.us
1597,tradesns.com
1598,c-c.com
1599,zcgbds.com
1600,hlgnet.com
1601,fh21.com.cn
1602,cechina.cn
1603,cnfrandy.com
1604,5a5x.com
1605,391k.com
1606,alloyteam.com
1607,999tong.com
1608,iherb.cn
1609,17game.com
1610,jiapin.com
1611,vidown.cn
1612,chushou.tv
1613,g-cores.com
1614,zaih.com
1615,zph.com.cn
1616,tongli.com.tw
1617,310tv.com
1618,77bike.com
1619,wo116114.com
1620,dili360.com
1621,baoliny.com
1622,kindbook.cn
1623,g2url.cn
1624,woofeng.cn
1625,srzb.com
1626,seedmm.com
1627,bidchance.com
1628,jitatang.com
1629,90a.cc
1630,zybuluo.com
1631,renren16.com
1632,mtedu.com
1633,holicbuy.com
1634,shuowan.com
1635,newnet.cc
1636,meibm.com
1637,tradeease.net
1638,nanrenwo.net
1639,tz100.com
1640,shumenol.com
1641,xunbaozhifu.com
1642,dns0755.net
1643,creprice.cn
1644,wzdai.com
1645,bj686.com
1646,mca.gov.cn
1647,oio.cn
1648,verysource.com
1649,dbfansub.com
1650,cxw.com
1651,cpjobs.com
1652,jiazhao.com
1653,93ku.com
1654,hubei.gov.cn
1655,cfi.cn
1656,aia.com.hk
1657,ncepu.edu.cn
1658,josmith1845.wordpress.com
1659,dygangs.com
1660,tadu.com
1661,3tii.com
1662,dijiuke.com
1663,pizzahut.com.hk
1664,trademanager.com
1665,replays.net
1666,adobe.com
1667,bh5.com
1668,leyifan.com
1669,79.com
1670,chukou1.cn
1671,server110.com
1672,iresearch.com.cn
1673,jy510.com
1674,fotosidan.se
1675,wdsz.net
1676,chinamsr.com
1677,fznews.com.cn
1678,aust.edu.cn
1679,21cake.com
1680,kisssub.org
1681,lookerchina.com
1682,dingsheng.com
1683,99zuowen.com
1684,tom.com
1685,xijie.com
1686,wjdiy.cn
1687,xianshiw.com
1688,zjut.edu.cn
1689,mofcom.gov.cn
1690,henan100.com
1691,xunball.com
1692,bangtuike.com.cn
1693,mfqyw.com
1694,chofn.com
1695,sodu.tw
1696,xchen.com.cn
1697,51daifu.com
1698,xiamenwater.com
1699,5011.net
1700,1rwd.com
1701,gaotie.cn
1702,e-fa.cn
1703,weico.com
1704,cmseasy.cn
1705,5tu.cn
1706,1bj.com
1707,228.com.cn
1708,jeasyui.net
1709,kumi.cn
1710,mmybt.com
1711,virscan.org
1712,xiushuang.com
1713,shipuwu.com
1714,padmag.cn
1715,baicaio.com
1716,bdybbs.com
1717,qcdy.com
1718,mengxz.com
1719,icotto.jp
1720,ispeak.cn
1721,juming.com
1722,muzisoft.com
1723,huacolor.com
1724,ty360.com
1725,thehomemadehumour.com
1726,sxn.today
1727,hzu.edu.cn
1728,xicidaili.com
1729,toto.com.cn
1730,zglxw.com
1731,cup.com.hk
1732,hsex.tv
1733,idzoom.com
1734,laod.cn
1735,sinotn.com
1736,shadowsocks.org
1737,iwufeng.com
1738,qfxcha.com
1739,u148.net
1740,xianzhenyuan.cn
1741,fjkjks.com
1742,cir.cn
1743,iivb.com
1744,shnu.edu.cn
1745,travelsky.com
1746,zc300.cn
1747,aemedia.org
1748,zgjsks.com
1749,genshuixue.com
1750,ycgjj.com
1751,cn16.cn
1752,059a.com
1753,mojiax.com
1754,sgou.com
1755,cailianpress.com
1756,7xz.com
1757,longcai.com
1758,woskj2.com
1759,div.io
1760,baofeng.com
1761,iwjw.com
1762,youyuan.com
1763,nbmai.com
1764,ffsky.com
1765,pba.cn
1766,missyuan.net
1767,nphoto.net
1768,shihuo.cn
1769,ppkoo.com
1770,shuihuoibm.com
1771,yinfans.me
1772,cecol.com.cn
1773,leshou.com
1774,ihei5.com
1775,cn-weige.com
1776,testrust.com
1777,gewara.com
1778,android-doc.com
1779,mytianhui.com
1780,99jianzhu.com
1781,756u.com
1782,jihaoba.com
1783,sh1122.com
1784,uuufun.com
1785,uniuc.com
1786,anzhi.com
1787,taohv.com
1788,yto5.cn
1789,hust.edu.cn
1790,zhiboba.cc
1791,geyanw.com
1792,388g.com
1793,ti.com.cn
1794,skxox.com
1795,kuaiji.com
1796,speedfly.cn
1797,bdimg.com
1798,fenghuaju.cc
1799,baifendian.com
1800,xiaoji001.com
1801,omo.com.cn
1802,citibank.com.cn
1803,chchdy.com
1804,esteelauder.com.cn
1805,aiquxs.com
1806,3gus.com
1807,nips.cc
1808,chaojitv.com
1809,guhai.com.cn
1810,yp900.com
1811,dior.cn
1812,baiduyunpan.com
1813,ybask.com
1814,sobt5.org
1815,92fanli.com
1816,poppur.com
1817,zx98.com
1818,qdaily.com
1819,cazila.com
1820,comsenz.com
1821,fareastcontainers.com
1822,toocle.com
1823,zh-hr.com
1824,nei.com.cn
1825,ooqiu.com
1826,ijjnews.com
1827,lunwentianxia.com
1828,3987.com
1829,biz4security.com
1830,ifanqiang.com
1831,i-bei.com
1832,iabrasive.com
1833,mvs.com.cn
1834,xlobo.com
1835,wowubuntu.com
1836,court.gov.cn
1837,7808.cn
1838,bongacams.com
1839,jukuu.com
1840,51ppt.com.cn
1841,yangtse.com
1842,jiaodong.net
1843,amznz.com
1844,gdajie.com
1845,zjzwfw.gov.cn
1846,farbox.com
1847,ico.la
1848,sharebank.com.cn
1849,yousheng8.com
1850,aeon.com.hk
1851,33456.com
1852,reocar.com
1853,21rv.com
1854,javhdmovies.net
1855,hkej.com
1856,wo.com.cn
1857,dedecmsmuban.com
1858,e993.com
1859,santongit.com
1860,mobanku.com
1861,easypass.cn
1862,mojingok.com
1863,fabao365.com
1864,fkzhibo.com
1865,maiche168.com
1866,lecai.com
1867,qiangmi.com
1868,ufeifan.com
1869,lingxi360.com
1870,mianyangrc.com
1871,xiuno.com
1872,0996tuan.com
1873,703804.com
1874,luxehi.com
1875,yanxiu.com
1876,niubo.cc
1877,safetree.com.cn
1878,nbs.com.cn
1879,kocla.com
1880,xinanidc.com
1881,yxad.com
1882,ticwear.com
1883,dns.com.cn
1884,ghtt.net
1885,hdsky.me
1886,budejie.com
1887,v8.cn
1888,jiakaobaodian.com
1889,liangchan.net
1890,zxtsg.com
1891,lzfcw.com
1892,ittime.com.cn
1893,njust.edu.cn
1894,bnf76d.com
1895,25xt.com
1896,quankan.tv
1897,lsforum.net
1898,tcl.com
1899,9669.cn
1900,gongye360.com
1901,henizaiyiqi.com
1902,tourunion.com
1903,192ly.com
1904,jy135.com
1905,lecake.com
1906,vpsmm.com
1907,hmoe.one
1908,duyidu.com
1909,98r.cn
1910,xxhh.com
1911,calis.edu.cn
1912,codeceo.com
1913,csres.com
1914,cnrencai.com
1915,leleketang.com
1916,thn21.com
1917,pv-mall.com
1918,no1dns.com
1919,bookask.com
1920,cililian.me
1921,trivago.hk
1922,zzu.edu.cn
1923,cnkang.com
1924,dongnanshan.com
1925,nitago.com
1926,kela.cn
1927,zuqiuba.cc
1928,zhaoonline.com
1929,my-magazine.me
1930,huaweicloud.com
1931,ncf.cn
1932,fjshldbx.com.cn
1933,sinochem.com
1934,591moto.com
1935,sufe.edu.cn
1936,insearchoftheworldsmostbeautifulwoman.com
1937,sosg.net
1938,arvojournals.org
1939,yiqig.cn
1940,hrbmu.edu.cn
1941,cnbanbao.cn
1942,xiaopin5.com
1943,safehoo.com
1944,pisen.com.cn
1945,qy01.cn
1946,btgongchang.org
1947,ymatou.com
1948,7360.cc
1949,yeahzan.com
1950,piaoliang.com
1951,fhtpay.com
1952,itedou.com
1953,gqsoso.com
1954,ps-xxw.cn
1955,oneapm.com
1956,zxcs8.com
1957,menxpat.com
1958,langlib.com
1959,cakeok.cn
1960,ecust.edu.cn
1961,baby-kingdom.com
1962,jumei.com
1963,putclub.com
1964,phpcomposer.com
1965,neusoft.edu.cn
1966,cdbao.net
1967,555zw.com
1968,midifan.com
1969,holdwell-ele.com.cn
1970,meilele.com
1971,yujzw.com
1972,gzmtr.com
1973,175pt.com
1974,xxxxxbbs.com
1975,bookshadow.com
1976,eeo.com.cn
1977,wearproof.cn
1978,wmzhe.com
1979,adminkc.com
1980,3hk.cn
1981,sofurry.com
1982,goprochina.cn
1983,shushu8.com
1984,winechina.com
1985,5ding.com
1986,cj1.com.cn
1987,xkb.com.cn
1988,esshangpu.com
1989,sinogoodies.com
1990,qiaobutang.com
1991,phperz.com
1992,5chajian.com
1993,91craft.com
1994,lativ.com
1995,saudishift.com
1996,ke.com
1997,bookgew.com
1998,speedtest.cn
1999,zhihuiya.com
2000,0731jiaju.com
2001,cz88.net
2002,gimoo.net
2003,yiqi.com
2004,jc56.com
2005,9upk.com
2006,ahalei.com
2007,usst.edu.cn
2008,yaofang.cn
2009,oklx.com
2010,gncebest88.com
2011,tuyitu.com
2012,666ccc.com
2013,iczsq.com
2014,lukou.com
2015,youiv.tv
2016,njhouse.com.cn
2017,nrf.com.cn
2018,liang360.com
2019,qqcf.com
2020,veryeast.cn
2021,wofang.com
2022,cjzww.com
2023,cnwinenews.com
2024,nanyangpt.com
2025,50vip.com
2026,mozest.com
2027,zuimeia.com
2028,xiangrikui.com
2029,javout.net
2030,dm1080p.com
2031,ebeecake.com
2032,khb.com
2033,pornsail.com
2034,ancii.com
2035,object.com.cn
2036,yunrui.co
2037,hzau.edu.cn
2038,nczx123.com
2039,aynews.net.cn
2040,sunyet.com
2041,sellgreat.com
2042,xunlei.com
2043,pm25.in
2044,sxl.cn
2045,bujie.com
2046,91jinrong.com
2047,data68.com
2048,nyaa.si
2049,go310.com
2050,biquge.com.tw
2051,ic.net.cn
2052,panasonic.hk
2053,zhihujingxuan.com
2054,zongmei.red
2055,robot-china.com
2056,winbaicai.com
2057,ziqiangxuetang.com
2058,cs090.com
2059,javbus7.com
2060,86kx.com
2061,tjsp66.com
2062,mobilesetting.com.hk
2063,lashou.com
2064,nvsehui.com
2065,lanhuapp.com
2066,onedow.com
2067,cndns.com
2068,700du.cn
2069,jobbaidu.com
2070,babel.cc
2071,lnca.org.cn
2072,shijue.me
2073,qp110.com
2074,xuekewang.com
2075,elle.com.hk
2076,filmaker.cn
2077,huzhan.com
2078,zk168.com.cn
2079,docer.com
2080,mifangba.com
2081,banyungong.org
2082,zikao365.com
2083,tubatianxia.com
2084,iteblog.com
2085,tdzyw.com
2086,matrixpartners.com.cn
2087,biquguan.com
2088,ruyig.com
2089,meiqia.com
2090,00ksw.net
2091,jumpw.com
2092,taian.com
2093,artspy.cn
2094,nsfc.gov.cn
2095,suning.com
2096,womeime.com
2097,eebbk.com
2098,flashget.com
2099,ctiku.com
2100,bbpresschina.com
2101,51live.com
2102,fuhaodq.com
2103,1626.com
2104,bizteller.cn
2105,chemcp.com
2106,gxtc.edu.cn
2107,chinaticket.com
2108,ppypp.com
2109,ujs.edu.cn
2110,5zd.com
2111,hackbase.com
2112,groupbuya.com
2113,ledinside.cn
2114,chinaname.cn
2115,xs8.cn
2116,iabrasive.cn
2117,45ewf.cn
2118,bio1000.com
2119,zjol.com.cn
2120,zazhipu.com
2121,txttjx.com
2122,wd999.com
2123,csb.gov.hk
2124,gaforum.org
2125,extmatrix.com
2126,dydh.tv
2127,actoys.net
2128,61baobao.com
2129,blogbus.com
2130,xjishu.com
2131,labour.gov.hk
2132,cnlogo8.com
2133,game773.com
2134,sspu.edu.cn
2135,shinybbs.com
2136,hdwan.net
2137,llduang.com
2138,4wei.cn
2139,123haitao.com
2140,qianqu.cc
2141,95k.com
2142,lovebizhi.com
2143,qfang.com
2144,qqxbt.com
2145,chinabidding.org.cn
2146,17lu.cn
2147,taoad.com
2148,bukop.com
2149,phn.cn
2150,91wan.com
2151,biodiscover.com
2152,ibidian.com
2153,mindmanager.cc
2154,wyw.cn
2155,oppomobile.com
2156,rhy123.com
2157,ceeger.com
2158,jiuxian.com
2159,freehao123.com
2160,233.com
2161,7kk.com
2162,yingyu.com
2163,logitec.co.jp
2164,zhangxinxu.com
2165,jmys168.com
2166,douyapai.com
2167,idtag.cn
2168,yangsheng.com
2169,123huodong.com
2170,pgyer.com
2171,eicodesign.com
2172,2dfan.com
2173,houxue.com
2174,zeuux.com
2175,8gdyhd.com
2176,jiae.com
2177,thebigdata.cn
2178,shejipi.com
2179,pengfu.com
2180,veeqi.com
2181,qlwb.com.cn
2182,qzone.cc
2183,sydingkai.cn
2184,fantizi5.com
2185,51xuediannao.com
2186,kuaihou.com
2187,cowlevel.net
2188,worldmr.com
2189,zhbit.com
2190,phicomm.com
2191,flash.cn
2192,80txt.com
2193,gost.ru
2194,sosaw.com
2195,cwq.com
2196,xyj321.com
2197,warting.com
2198,xd.com
2199,looyu.com
2200,338dnf.cn
2201,baobeio.com
2202,lvmama.com
2203,9duw.com
2204,hiall.com.cn
2205,520lbl.com
2206,csgje.com
2207,hyperay.cc
2208,pccppc.com
2209,converse.com.cn
2210,mg88.cn
2211,tech-food.com
2212,dufe.edu.cn
2213,baby611.com
2214,smartpigai.com
2215,helperchoice.com
2216,iemate.com
2217,daimugua.com
2218,oppsu.cn
2219,p-bandai.hk
2220,meet99.com
2221,jiaoping.com
2222,yaochufa.com
2223,researcherid.com
2224,quanxue.cn
2225,cnlist.org
2226,ninghao.net
2227,7192.com
2228,hhu.edu.cn
2229,56114.net.cn
2230,xszhibo.com
2231,chinaventure.com.cn
2232,sspai.com
2233,t2cn.com
2234,kanazawa-u.ac.jp
2235,ctshk.com
2236,zhongchou.com
2237,yeahka.com
2238,37cs.com
2239,wabcw.info
2240,wmshua.com
2241,bale.cn
2242,cfan.com.cn
2243,sansimai.com
2244,rhs.com.cn
2245,suchso.com
2246,qd315.net
2247,hkticketing.com
2248,baoying.com
2249,vvjob.com
2250,itianti.sinaapp.com
2251,99.com.cn
2252,cbrx.com
2253,mouxiao.com
2254,xiu8.com
2255,phpddt.com
2256,9wanwan.com
2257,bowin8.com
2258,chng.com.cn
2259,haitou.cc
2260,sac.net.cn
2261,pingpang.info
2262,shh28.com
2263,ab126.com
2264,gujarat1.wordpress.com
2265,gx136.com
2266,quanmama.com
2267,gbtags.com
2268,bumimi.com
2269,bupt.edu.cn
2270,312green.com
2271,hotels.cn
2272,xyz191.com
2273,mapbar.com
2274,jinse.com
2275,aps.org.cn
2276,ybjk.com
2277,mask9.com
2278,drvsky.com
2279,tangdou.com
2280,mlook.mobi
2281,zhibo11.com
2282,jiluniwo.cn
2283,mrzswang.com
2284,365webcall.com
2285,yumi.com
2286,fyyxyz.com
2287,ganso.com.cn
2288,fxgold.com
2289,21hubei.com
2290,yijia1.com
2291,jrzj.com
2292,xiaoshuomm.com
2293,fairpur.com
2294,chemnet.com
2295,qiumi5.com
2296,supei.com
2297,lznews.cn
2298,1688e.net
2299,crntt.com
2300,eaonline.com.cn
2301,nmplus.hk
2302,hooppay.com
2303,yiji.com
2304,aoji.cn
2305,jimmunol.org
2306,mala.cn
2307,cloudcc.com
2308,xq0757.com
2309,channelge.com
2310,daoguo.com
2311,66you.com
2312,boobooke.com
2313,globalbuy.cc
2314,siteinfourl.com
2315,lzu.edu.cn
2316,gdmm.com
2317,unispim.com
2318,rmfans.cn
2319,aihami.com
2320,seed-china.com
2321,ipip.net
2322,yaowan.com
2323,boosj.com
2324,quna.com
2325,xmbankonline.com
2326,zou114.com
2327,zcw.cn
2328,phpcms.cn
2329,srssn.com
2330,ykw18.com
2331,ld0766.com
2332,jiajiao400.com
2333,23zw.com
2334,dd4.com
2335,15tianqi.com
2336,508net.com
2337,shlac.com
2338,mf08s.com
2339,ex-silver.com
2340,tangorin.com
2341,5ucom.com
2342,somao123.com
2343,changba.com
2344,vip866.com
2345,quickloans.cn
2346,fob5.com
2347,sodocs.net
2348,oncity.cc
2349,osb.com.cn
2350,dianying.fm
2351,jiaoshi.com.cn
2352,98weqwed.xyz
2353,xmindchina.net
2354,sc518.com
2355,lahoo.ca
2356,bplisn.net.cn
2357,shoudurc.com
2358,zei8.co
2359,alidns.com
2360,5w8.co
2361,huibo.com
2362,z3z4.com
2363,subom.net
2364,51test.net
2365,dingdang.ca
2366,sustc.edu.cn
2367,npicp.com
2368,chinaunicom.cn
2369,17jita.com
2370,sdust.edu.cn
2371,disanlou.org
2372,5778.com
2373,sosohui.cn
2374,mac52ipod.cn
2375,go2.cn
2376,toujx.com
2377,lanjinger.com
2378,5ixiaopin.com
2379,silver.org.cn
2380,destoon.com
2381,ouyaoxiazai.com
2382,xsball.com
2383,chongdiantou.com
2384,sheup.com
2385,nuaa.edu.cn
2386,lemeids.com
2387,xjhr.com
2388,tvmost.com.hk
2389,atteam.cn
2390,txwy.com
2391,23yy.com
2392,hainei.org
2393,137365.com
2394,feizui.com
2395,voguemate.com
2396,touch360.com.cn
2397,chuangxin.com
2398,y5y.com
2399,canton8.com
2400,sefei.net
2401,gepuwang.net
2402,zhaosuliao.com
2403,savefrom.net
2404,my285.com
2405,41.cn
2406,she.com
2407,shinyway.org
2408,hndnews.com
2409,haomachi.com
2410,asianmetal.com
2411,nubia.com
2412,tnbz.com
2413,ielts999.com
2414,cnpowder.com.cn
2415,t0001.com
2416,ojson.com
2417,ssnewyork.com
2418,studyez.com
2419,yes133.com
2420,plp.com.cn
2421,4u77.com
2422,0756tong.com
2423,sayui.com
2424,dugoogle.com
2425,gamfook.com
2426,qinzhou360.com
2427,adyun.com
2428,wumaow.com
2429,dj024.com
2430,zbgb.org
2431,aixia.cc
2432,c0594.com
2433,seacat.cn
2434,bokon.net
2435,panli.com
2436,mp4pa.com
2437,bailingjie.cn
2438,chenguang.com.cn
2439,cbooo.cn
2440,otomedream.com
2441,521mx.cn
2442,nfyy.com
2443,popiano.org
2444,dujiza.com
2445,17kanb.com
2446,seekchem.com
2447,mtj.com.cn
2448,yuezj.com
2449,uubird.cc
2450,rrjc.com
2451,hankcs.com
2452,chehang168.com
2453,citibank.com.hk
2454,redatoms.com
2455,colg.cn
2456,suanfazu.com
2457,fingershopping.com
2458,imququ.com
2459,005.tv
2460,enbtx.com
2461,torrentsearchweb.co
2462,changlaifan.com
2463,getitfree.cn
2464,x7.cn
2465,btwuji.com
2466,51php.com
2467,dimbuy.com
2468,mfcad.com
2469,zuji.com.hk
2470,erun360.com
2471,yiso.com.cn
2472,cnu.cc
2473,sceea.cn
2474,eslot.cn
2475,bubukua.com
2476,mmimm.com
2477,1xiaoshuo.com
2478,678pan.com
2479,duobei.com
2480,luoqiu.com
2481,hkitalk.net
2482,giabbs.com
2483,tao8b.com
2484,souxuexiao.com
2485,ui4app.com
2486,977ai.com
2487,biyao.com
2488,north-plus.net
2489,udpwork.com
2490,qccr.com
2491,information88.com
2492,ptbus.com
2493,wendangxiazai.com
2494,indeed.hk
2495,exhentai.org
2496,hope.dating
2497,ofcard.com
2498,96u.com
2499,itindex.net
2500,ufo-1.cn
2501,netsh.org
2502,hzgjj.gov.cn
2503,sit.edu.cn
2504,edu24ol.com
2505,21nx.com
2506,healshow.com
2507,geekfans.com
2508,gomplayer.jp
2509,supor.com.cn
2510,37zw.com
2511,xiaoyun.com
2512,tuitui99.com
2513,chinasalestore.com
2514,newmotor.com.cn
2515,fj-l-tax.gov.cn
2516,wmoov.com
2517,liangzijie.com
2518,funi.com
2519,ji36.com
2520,abletive.com
2521,ceve-market.org
2522,51wendang.com
2523,vpgame.com
2524,v2my.com
2525,jiaji.com
2526,linux.cn
2527,looooker.com
2528,08bobo.com
2529,hd4fans.org
2530,2177s.com
2531,designboom.cn
2532,gaoxiaodawang.com
2533,nd115.com
2534,mx3g.com
2535,roowei.com
2536,dahsing.com
2537,baike.com
2538,luohua01.com
2539,gupiao8.com
2540,game5.com
2541,guzheng.cn
2542,sehuatang.net
2543,horou.com
2544,iflashgame.com
2545,ccv5.com
2546,guanzhunet.com
2547,thunderex.com
2548,startimestv.com
2549,zlw168.com
2550,qitete.com
2551,gay.de
2552,77y4.cn
2553,lifevc.com
2554,cclolcc.com
2555,nowamagic.net
2556,damai.cn
2557,sanygroup.com
2558,lgmi.com
2559,cnn.com
2560,qingniantuzhai.com
2561,shsmu.edu.cn
2562,cgchina.net
2563,lbx777.com
2564,eshuba.com
2565,qddz.com.cn
2566,oushinet.com
2567,cust.edu.cn
2568,chinafix.com
2569,56135.com
2570,chemm.cn
2571,chinapnr.com
2572,bakq.cn
2573,manhuabudang.com
2574,sanhao.com
2575,hxnews.com
2576,newhouse.com.cn
2577,mm131.com
2578,hichina.com
2579,njtu.edu.cn
2580,moonseo.cn
2581,cngadget.cn
2582,c029.com
2583,alltobid.com
2584,taoshu.com
2585,openedv.com
2586,itnose.net
2587,d.cn
2588,xunleicang.cc
2589,qj.com.cn
2590,vz-performance.com
2591,laohu.com
2592,cumt.edu.cn
2593,gameabc.com
2594,game798.com
2595,maeda-atsuko.cn
2596,gleasy.com
2597,fenyucn.com
2598,bjp321.com
2599,haorenshuo.com
2600,xuehai.net
2601,izhuti.com
2602,zhongguozhaoshang.com
2603,mplayer.org.cn
2604,walkera.com
2605,danji6.com
2606,banggo.com
2607,jingyanbus.com
2608,xunjk.com
2609,ii-i.org
2610,feeyo.com
2611,downloadapktopc.com
2612,ahgame.com
2613,backchina.com
2614,yfu.cn
2615,jiujiulg.com
2616,creetor.com
2617,201980.com
2618,apl.com
2619,zntec.cn
2620,ziyouge.com
2621,iiscore.com
2622,luohuedu.net
2623,beianx.com
2624,mt-bbs.com
2625,ctex.cn
2626,cnwav.com
2627,testin.cn
2628,87311111.com
2629,45fan.com
2630,for68.com
2631,newasp.net
2632,manyart.com
2633,koolshare.cn
2634,hshan.com
2635,xinrong.com
2636,game2.cn
2637,163sub.com
2638,0769pf.com
2639,517best.com
2640,qcc.com
2641,jscode.cn
2642,fengyunlive.com
2643,lvv2.com
2644,tbba.com.cn
2645,wechat.com
2646,prnews.cn
2647,tianmaying.com
2648,ahedu.gov.cn
2649,hahadm.com
2650,xskhome.com
2651,ipin.com
2652,demaxiya.com
2653,100run.com
2654,bxwx9.org
2655,uoolu.com
2656,iccgame.com
2657,wozhongla.com
2658,dg700.com
2659,beingmate.com
2660,maxviewrealty.com
2661,wyzxwk.com
2662,ldbj.com
2663,zhaogepu.com
2664,medcn.cn
2665,edudisk.cn
2666,lanecat.com
2667,tandfonline.com
2668,nowscore.com
2669,tousu.org.cn
2670,btba.com.cn
2671,slit.cn
2672,adtchrome.com
2673,iqshw.com
2674,ishuo.cn
2675,51yasai.com
2676,gougou.com
2677,chuiyao.com
2678,b08.com
2679,zhaifu.cc
2680,enetedu.com
2681,laravist.com
2682,deyisupport.com
2683,encyclo.co.uk
2684,hibet.com
2685,swwy.com
2686,htuidc.com
2687,thinksaas.cn
2688,wezhan.cn
2689,gaoloumi.com
2690,meitulu.com
2691,sg560.com
2692,oka.com.cn
2693,aspku.com
2694,zdqh.com
2695,failforum.net
2696,l4d2.cc
2697,huanqiumil.com
2698,7wenta.com
2699,ptm.com.cn
2700,nimingban.com
2701,hxrc.com
2702,56cto.com
2703,gzmama.com
2704,bo-yi.com
2705,enshi.cn
2706,jinmi.com
2707,laoda.info
2708,locvps.com
2709,suibi8.com
2710,nssmc.com
2711,eeyy.com
2712,qafone.co
2713,xiangha.com
2714,lthack.com
2715,cnepub.com
2716,shopping-charm.jp
2717,gtobal.com
2718,qrz.cn
2719,wallpapersking.com
2720,threedbook.com
2721,nature.com
2722,mmsonline.com.cn
2723,zztuku.com
2724,gwyoo.com
2725,tibet.cn
2726,aliued.cn
2727,91ri.org
2728,biketo.com
2729,noi.cn
2730,memehk.com
2731,ohpama.com
2732,51credit.com
2733,meifang8.com
2734,ikan.cn
2735,mnks.net
2736,oreilly.com.cn
2737,duotegame.com
2738,watchtimes.com.cn
2739,op.gg
2740,fashaoyou.net
2741,sj00.com
2742,gkstk.com
2743,tobocqa.com
2744,longtugame.com
2745,tuilie.com
2746,50cnnet.com
2747,lwlm.com
2748,ynrsksw.com
2749,snwx.com
2750,cardbaobao.com
2751,laozu.com
2752,zgjm.org
2753,qichacha.com
2754,wangyanpiano.com
2755,fanwen99.cn
2756,uqee.com
2757,fengdu100.com
2758,ln-n-tax.gov.cn
2759,hejizhan.com
2760,gochrome.info
2761,w3ctech.com
2762,99sushe.com
2763,upaiyun.com
2764,517.cn
2765,seehd.co
2766,nongjigou.cn
2767,okhqb.com
2768,htcui.com
2769,ggsafe.com
2770,mengniu.cn
2771,awesomes.cn
2772,isfashion.com
2773,xuetu.com
2774,jkys5.com
2775,reshi100.com
2776,ijita.com
2777,psjia.com
2778,qianzhan.com
2779,baisui.la
2780,huweishen.com
2781,gbs.cn
2782,sis001.com
2783,mnw.cn
2784,hlzx.com
2785,openedu.com.cn
2786,scmor.com
2787,hongbeimi.com
2788,52down.com
2789,joyu.com
2790,w2bc.com
2791,fangamer.com
2792,aitingwang.com
2793,honor.cn
2794,btsearchs.org
2795,mercedes-benz.com.cn
2796,biomart.cn
2797,meiriyiwen.com
2798,sasacity.com
2799,51fapiao.cn
2800,civilcn.com
2801,ihacksoft.com
2802,chytey.com
2803,shufawu.com
2804,hrtv.cn
2805,btsou.org
2806,6vhao.tv
2807,bda.edu.cn
2808,yyfensi.com
2809,tapd.cn
2810,divcss5.com
2811,yingxiong.com
2812,unimarketing.com.cn
2813,ybk6.com
2814,njp.com.cn
2815,dianxin.com
2816,wufun.net
2817,ziyuanku.com
2818,acbnewsonline.com.au
2819,a0763.com
2820,jj12114.com
2821,tcm100.com
2822,zzpta.com
2823,shjubao.cn
2824,ouku.com
2825,gmanhua.com
2826,bocionline.com
2827,meizuhui.com
2828,co-mall.com
2829,bamaol.com
2830,militaryy.cn
2831,appletuan.com
2832,ngabbs.com
2833,kindeditor.net
2834,kaochong.com
2835,winzq.com
2836,sbar.com.cn
2837,diaox2.com
2838,km2s.com
2839,boce.cn
2840,sxsoft.com
2841,bilibili.co
2842,haojue.com
2843,wailian.work
2844,fandongxi.com
2845,knewone.com
2846,elvxing.net
2847,cio114.com
2848,qyl133.com
2849,scdaily.cn
2850,22.cn
2851,nanjixiong.com
2852,yitb.com
2853,hotide.cn
2854,qianwanqun.com
2855,highpin.cn
2856,kuaifawu.com
2857,quantui.com
2858,allzhaopin.com
2859,quzhuanpan.com
2860,huamijie.com
2861,mp4d.com
2862,swu.edu.cn
2863,daifans.com
2864,zhujiage.com.cn
2865,itstrike.cn
2866,gojiaju.com
2867,uump4.net
2868,kuaiyilicai.com
2869,ipo.hk
2870,miss-no1.com
2871,jingyangchun.com
2872,softic.com.cn
2873,downsx.pw
2874,quji.com
2875,mddmm.com
2876,julur.com
2877,sinobook.com.cn
2878,yiban.io
2879,289.com
2880,tuomao123.com
2881,51ztzj.com
2882,doubo.tv
2883,ln.gov.cn
2884,dreams-travel.com
2885,yibiao.cn
2886,weidai.com.cn
2887,itezhop.com
2888,yimei188.com
2889,212300.com
2890,it610.com
2891,softwarebilliger.de
2892,fanjian.net
2893,77313.com
2894,tirechina.net
2895,nhe.cn
2896,22shop.com
2897,500.com
2898,dianwoba.com
2899,bccn.net
2900,lrshare.com
2901,zhenhaotv.com
2902,xitieba.com
2903,opsteel.cn
2904,btc38.com
2905,zeze.com
2906,jiaoyizhe.com
2907,marriott.com.cn
2908,examcoo.com
2909,098.com
2910,tuhao13.com
2911,cqumzh.cn
2912,manybo.com
2913,dataunion.org
2914,vmsky.com
2915,manew.com
2916,94hnr.com
2917,evdays.com
2918,junpin360.com
2919,haguan.com
2920,boai.com
2921,rouding.com
2922,chinamedevice.cn
2923,3798.com
2924,dsqnw.com
2925,ai70.com
2926,jinti.com
2927,lspjy.com
2928,fuwo.com
2929,lilywed.cn
2930,1zgo.cn
2931,worldnews01.com
2932,lu.com
2933,cngold.com.cn
2934,cnlinfo.net
2935,instructure.com
2936,d1xz.net
2937,18023.com
2938,chromecj.com
2939,baifubao.com
2940,iyangcong.com
2941,cooco.net.cn
2942,gtimg.com
2943,cangku.one
2944,101.com
2945,9512.net
2946,ppt20.com
2947,downcc.com
2948,llzg.cn
2949,awakening360.com
2950,netbig.com
2951,xunyingwang.com
2952,mucfc.com
2953,gaei.cn
2954,kanmeiju.net
2955,mysql.cn
2956,cosmopolitan.com.hk
2957,win-tab.net
2958,dvedit.cn
2959,dy100.me
2960,job5156.com
2961,meiju8.cc
2962,hisu.org
2963,mgyun.com
2964,liketry.com
2965,guju.com.cn
2966,bitscn.com
2967,groupon.hk
2968,xiepp.com
2969,websbook.com
2970,yifutu.com
2971,shooter.cn
2972,beihaiting.com
2973,shenzhoufu.com
2974,vipme.com
2975,doubanio.com
2976,majiamen.com
2977,xd61.com
2978,fzyb.gov.cn
2979,verycloud.cn
2980,gothinksoft.com
2981,sangon.com
2982,n999.com
2983,codefans.net
2984,waiqin365.com
2985,72g.com
2986,lapin365.com
2987,pansoso.com
2988,bianceng.cn
2989,51jiabo.com
2990,fccs.com
2991,fzdm.com
2992,12306.com
2993,6631.com
2994,aguo.com
2995,nh87.cn
2996,369u.net
2997,huanbohainews.com.cn
2998,ecu-manager.com
2999,57mh.com
3000,maiwhat.com
3001,wps.cn
3002,1kejian.com
3003,ubetween.com
3004,sd001.com
3005,sdju.edu.cn
3006,e-jav.com
3007,xn--i2ru8q2qg.com
3008,verypsp.com
3009,51dzw.com
3010,skyhives.com
3011,gdwse.com
3012,candou.com
3013,123ypw.com
3014,itouxian.com
3015,hongkongmethod.net
3016,metroradio.com.hk
3017,ashuwp.com
3018,lingoes.cn
3019,rui2.net
3020,9miao.com
3021,gzsg.cn
3022,eechina.com
3023,ishangman.com
3024,wzaobao.com
3025,tiansin.com
3026,81pan.com
3027,52laikan.com
3028,k12china.com
3029,newssc.org
3030,upan.cc
3031,vrlequ.com
3032,nike.com
3033,88gogo.com
3034,77vcd.com
3035,ct-edu.com.cn
3036,xiaoman.cn
3037,bbbao.com
3038,uvwxyz.xyz
3039,shanzhuoboshi.com
3040,carrefour.com.cn
3041,xiaojukeji.com
3042,by-health.com
3043,huihoo.com
3044,ikcrm.com
3045,51fangzhan.com
3046,anruan.com
3047,95516.com
3048,7moor.com
3049,siteserver.cn
3050,laobinggun.com
3051,lifeweek.com.cn
3052,hutchgo.com.hk
3053,manuscriptcentral.com
3054,ustb.edu.cn
3055,fbaba.net
3056,bjspw.com
3057,kaiwind.com
3058,cjol.com
3059,nmgk.com
3060,126disk.com
3061,olympic.cn
3062,icourses.cn
3063,leyantech.com
3064,yto.net.cn
3065,doubleclick.net
3066,xlhs.com
3067,teddysun.com
3068,ceiea.com
3069,92hezu.com
3070,rebatesme.com
3071,reyknight.com
3072,yuesir.com
3073,xp85.com
3074,cnd8.com
3075,acshoes.com
3076,59pi.com
3077,100offer.com
3078,566.net.cn
3079,amazon.ca
3080,5xzb.com
3081,arxiv.org
3082,wenkuxiazai.com
3083,btcfans.com
3084,nottingham.ac.uk
3085,yiqihao.com
3086,qsxuke.com
3087,pbccrc.org.cn
3088,lookae.com
3089,acs.org
3090,zzloushi.com
3091,landiannews.com
3092,cnool.net
3093,uulian.com
3094,acer.com.cn
3095,001daima.com
3096,15yan.com
3097,wishpost.cn
3098,go2tw.cn
3099,yoho.cn
3100,spdex.com
3101,yiqiwin.com
3102,liuband.com
3103,youzy.cn
3104,douyin.com
3105,oicqzone.com
3106,downhot.com
3107,ptfish.com
3108,jj.cn
3109,cfainstitute.org
3110,piaojia.cn
3111,qigtig.com
3112,nyaa.fun
3113,tj.gov.cn
3114,nyasama.com
3115,uggd.com
3116,it985.com
3117,yizhuan5.com
3118,bjdvd.org
3119,doyouhike.net
3120,nanrenwa.com
3121,fwsir.com
3122,btmeiju.com
3123,7sown.com
3124,tuitu.sinaapp.com
3125,chengdu.gov.cn
3126,heima.com
3127,editorialmanager.com
3128,saikr.com
3129,hunan.gov.cn
3130,usd-cny.com
3131,zhtjhh.com
3132,chuangbie.com
3133,ickey.cn
3134,brtn.cn
3135,90sheji.com
3136,rutracker.org
3137,shibang.cn
3138,21tx.com
3139,techbrood.com
3140,pqy.com.cn
3141,behance.net
3142,53kf.com
3143,52solution.com
3144,hznu.edu.cn
3145,52rkl.cn
3146,ontvb.com
3147,ourgame.com
3148,pgm.com.cn
3149,olbike.com
3150,sj88.com
3151,hbrc.com
3152,twitch.tv
3153,analysys.cn
3154,tykd.com
3155,myqcloud.com
3156,javbus.com
3157,smsbao.com
3158,zhihuishu.com
3159,9669.com
3160,acc5.com
3161,linkstars.com
3162,amz123.com
3163,cu-market.com.cn
3164,27580.cn
3165,people.com
3166,oneplus.cn
3167,imu.edu.cn
3168,bianzhirensheng.com
3169,dodo8.com
3170,qm41.com
3171,juejin.cn
3172,xiaot.com
3173,rhx.com.cn
3174,wmtxt.com
3175,cainiaotiyu.cn
3176,qq2233.com
3177,boji.cn
3178,thunder-link.com
3179,cnfol.com
3180,job1001.com
3181,shu99.com
3182,1905.com
3183,sidrichchhour38014635.wordpress.com
3184,icve.com.cn
3185,btsow.surf
3186,csg.cn
3187,pfcexpress.com
3188,yyyweb.com
3189,xheditor.com
3190,91wii.com
3191,yzmg.com
3192,cditv.cn
3193,ishowx.com
3194,reactjs.cn
3195,rkl.cn
3196,fx168.com
3197,1conan.com
3198,liulanmi.com
3199,ifeve.com
3200,jaea.go.jp
3201,huaji.com
3202,gaoxiaojob.com
3203,liuliangbao.cn
3204,moneybrace.com
3205,torrent.org.cn
3206,gaodun.com
3207,llss.fan
3208,xpgod.com
3209,artoto.net
3210,suhehui.com
3211,520.cn
3212,yaosai.com
3213,phpmywind.com
3214,chinagames.net
3215,hdw.top
3216,amazon.es
3217,cnping.com
3218,right.com.cn
3219,ymmfa.com
3220,993dy.com
3221,javlibrary.com
3222,sse.com.cn
3223,hicloud.com
3224,poxiao.com
3225,jnnews.tv
3226,topfreebiz.com
3227,qianlong.com
3228,amingtool.com
3229,hkbea.com.cn
3230,52miji.com
3231,photofans.cn
3232,y2002.com
3233,cvit.com.cn
3234,wahuasuan.com
3235,tophub.today
3236,yaozs.com
3237,superlib.net
3238,icesmall.cn
3239,zto.com
3240,vsochina.com
3241,yiguo.com
3242,qyer.com
3243,excelhome.net
3244,szgs.gov.cn
3245,edeng.cn
3246,wubuyan.com
3247,fznnn.cn
3248,ele.me
3249,zhibowu.com
3250,fz222.com
3251,magicmotorsport.com
3252,wenxuecity.com
3253,pornav.co
3254,muyuge.com
3255,aliway.com
3256,shejidaren.com
3257,913vr.com
3258,ldoceonline.com
3259,photophoto.cn
3260,xiaopian.com
3261,hxedu.com.cn
3262,imomoe.ai
3263,edrdg.org
3264,szmb.gov.cn
3265,transrush.com
3266,top81cn.cn
3267,yac8.com
3268,3dzao.cn
3269,bdsimg.com
3270,jmbbs.com
3271,ewirn45.com
3272,sun0816.com
3273,zzhelps.com
3274,alexa.com
3275,icauto.com.cn
3276,cn82.cn
3277,mof.gov.cn
3278,jiumodiary.com
3279,bufan.com
3280,kujiale.com
3281,haodf.com
3282,shufe.edu.cn
3283,smmsky.net
3284,zjw.cn
3285,zqnf.com
3286,654894.net
3287,roadrover.cn
3288,gz.gov.cn
3289,guilinlife.com
3290,xixiwg.com
3291,gpsspg.com
3292,hapaper.com
3293,58che.com
3294,tradingview.com
3295,doramatv.live
3296,weimeixi.com
3297,nwstbus.com.hk
3298,hdscg.com
3299,jimihuan.com
3300,manufacturers360.com
3301,t.co
3302,dapu.com
3303,hydcd.com
3304,flyertrip.com
3305,cnwear.com
3306,sciencedirectassets.com
3307,tan8.com
3308,dominos.com.cn
3309,hanfan.cc
3310,peixuncn.net
3311,hao6v.com
3312,dolawing.com
3313,cainiao.com
3314,rubik.com.cn
3315,likewiz.com
3316,ypro.com.tw
3317,vcb-s.com
3318,diyiyou.com
3319,baoshu8.com
3320,cgay.org
3321,shoppingwelkin.com
3322,yao123.com
3323,ebay.com.au
3324,zhinengshe.com
3325,motof.cn
3326,txt99.com
3327,yuncaijing.com
3328,yatu.tv
3329,gstatic.com
3330,aipatent.com
3331,cscse.edu.cn
3332,jadewd.com
3333,gjw.com
3334,51yip.com
3335,migu.cn
3336,77file.com
3337,fengj.com
3338,mybank.cn
3339,bdysite.com
3340,bkjia.com
3341,gcores.com
3342,legalinfo.gov.cn
3343,ubox.cn
3344,dianjin123.com
3345,egltours.com
3346,dhl.com
3347,kulefl88.com
3348,menworld.org
3349,cet.edu.cn
3350,taoke.com
3351,lzzxq.com
3352,qncye.com
3353,powerrsoft.com
3354,jiagulun.com
3355,114zk.cn
3356,edrawsoft.cn
3357,htpc1.com
3358,xiuren.com
3359,shichangbu.com
3360,sci-hub.se
3361,mxroom.com
3362,zopomobile.com
3363,geekbuy.cn
3364,wmu.edu.cn
3365,xy22.top
3366,navinfo.com
3367,115.com
3368,q1.com
3369,sankuai.com
3370,fanbus.one
3371,bjhjyd.gov.cn
3372,sishuok.com
3373,fjinfo.org.cn
3374,qiyukf.com
3375,pingan.com.cn
3376,maimai.cn
3377,bi-si888.xyz
3378,dayu.com
3379,ebay.co.uk
3380,nenu.edu.cn
3381,dlut.edu.cn
3382,zhuaniao.com
3383,zstyq.com
3384,artand.cn
3385,joomlagate.com
3386,beijingspring.com
3387,itrust.org.cn
3388,pianyuan.net
3389,znzmo.com
3390,laravel-china.org
3391,suibianlu.com
3392,acghgame.net
3393,tvmao.com
3394,loveheaven.net
3395,jiqie.com
3396,zhengbang.com.cn
3397,linekong.com
3398,12333sb.com
3399,hxyjw.com
3400,cmpedu.com
3401,mazochina.com
3402,tt86.com
3403,vcg.com
3404,suanchang.com
3405,shobserver.com
3406,chinamedia360.com
3407,zhangyoubao.com
3408,linuxdiyf.com
3409,stonexp.com
3410,hunt007.com
3411,sharepoint.cn
3412,xiangpi.com
3413,ixueling.com
3414,thedp.cn
3415,njr.cn
3416,ocar.tv
3417,imeiju.net
3418,miwifi.com
3419,xiaomi.cn
3420,yxzoo.com
3421,tsdm39.net
3422,zoosnet.net
3423,dede58.com
3424,jijidi.com
3425,torrentkitty.io
3426,cuiqingcai.com
3427,chuairan.com
3428,kantiantang.com
3429,okcoin.cn
3430,che168.com
3431,peryi.com
3432,kechuang.org
3433,tumanduo.com
3434,kpopscene.com
3435,qkankan.com
3436,xtol.cn
3437,lanzoux.com
3438,fityun.cn
3439,7i24.com
3440,nvsay.com
3441,aceona.com
3442,chegg.com
3443,alipay.net
3444,baiwang.com
3445,lwgod.com
3446,zbwg.cc
3447,shopxx.net
3448,yaskawa.com.cn
3449,jiazhuang.com
3450,merriam-webster.com
3451,jiyoujia.com
3452,chem960.com
3453,gaode.com
3454,moj.gov.cn
3455,xxbiquge.com
3456,lm158.com
3457,maydayfans.com
3458,battery.com.cn
3459,nottingham.edu.cn
3460,ppmoney.com
3461,fangxiaoer.com
3462,ebay.cn
3463,alientech.to
3464,jianguoyun.com
3465,yxduo.com
3466,guoxuedashi.com
3467,vapee.com
3468,digikey.cn
3469,apicloud.com
3470,jisuxia.com
3471,guanyierp.com
3472,shandjj.com
3473,difuzed.com
3474,wdwd.com
3475,wsgjp.com.cn
3476,chongbuluo.com
3477,vodxc.in
3478,100credit.cn
3479,pianshen.com
3480,sunsult.com
3481,qixingquan.com
3482,qiaohu.com
3483,jnetsem.com
3484,hebeijiaoyu.com.cn
3485,shangdaotong.com
3486,mango918.com
3487,yaozy.com
3488,paopaoche.net
3489,anhei2.com
3490,sellingexpress.net
3491,npc.gov.cn
3492,meipian.cn
3493,yi-see.com
3494,msi.com
3495,bkjk-inc.com
3496,fandom.com
3497,win10go.com
3498,busfan.life
3499,gsxt.gov.cn
3500,51985.net
3501,maccura.com
3502,mxhaitao.com
3503,archdaily.cn
3504,funinusa.net
3505,cngold.org
3506,wangpan007.com
3507,vanke.com
3508,customs.gov.cn
3509,yhnkzq.com
3510,gaoding.com
3511,91mjw.com
3512,tupian114.com
3513,smeidy.info
3514,tongda2000.com
3515,collinsdictionary.com
3516,50888.com
3517,ccba.me
3518,maikongjian.com
3519,xxsy.net
3520,idccenter.net
3521,itemvs.com
3522,shanshan360.com
3523,wuhaozhan.net
3524,ceoim.com
3525,ksyun.com
3526,dsb.cn
3527,holike.com
3528,tanwan.com
3529,ibrebates.com
3530,yh31.com
3531,foxnews.com
3532,3wcoffee.com
3533,world3dmodel.com
3534,youxiping.com
3535,taokezhushou.com
3536,imaibo.net
3537,400jz.com
3538,ricedata.cn
3539,verydemo.com
3540,19lou.com
3541,youquhome.com
3542,grainger.cn
3543,anquan.org
3544,imgcloud.pw
3545,amazon.it
3546,faw-mazda.com
3547,mq11.com
3548,prts.wiki
3549,huajiao.com
3550,aqniu.com
3551,dy10000.com
3552,anjian.com
3553,lottery.gov.cn
3554,fangcloud.com
3555,shishangqiyi.com
3556,ndichina.cn
3557,hd1080.cn
3558,geely.com
3559,7a.com.cn
3560,microsoftonline.cn
3561,17500.cn
3562,centbrowser.cn
3563,cnbc.com
3564,lansedongli.com
3565,shunnengnet.com
3566,tdx.com.cn
3567,upyun.com
3568,iznb.cn
3569,cuhk.edu.cn
3570,gxnews.com.cn
3571,dilanlove.com
3572,gacrnd.com
3573,kb978.com
3574,reddit.com
3575,zlyk.com
3576,bet365.com.cy
3577,smb.gov.cn
3578,pdfdo.com
3579,friok.com
3580,xingzuoyunshi.cn
3581,szga.gov.cn
3582,kaixinbao.com
3583,61flash.com
3584,jiandaoyun.com
3585,panelook.cn
3586,iwatch365.com
3587,pds.cc
3588,sinoarch.cn
3589,hggard.com
3590,chouti.com
3591,steampowered.com
3592,taobao.org
3593,zhiye.com
3594,aiweibang.com
3595,gfxcamp.com
3596,nvidia.cn
3597,yesjav.com
3598,grabsun.com
3599,517sc.com
3600,yjz9.com
3601,citygf.com
3602,pooban.com
3603,ucla.edu
3604,cnipa.gov.cn
3605,nowcoder.com
3606,ec-cube.net
3607,jiemodui.com
3608,io-games.io
3609,avmoo.cyou
3610,modiauto.com.cn
3611,tgbus.com
3612,rarbgprx.org
3613,zhenhesuan.com
3614,wetransfer.com
3615,ccjk.com
3616,boxz.com
3617,ilovepdf.com
3618,qlogo.cn
3619,iflyrec.com
3620,cnabke.com
3621,lanzoui.com
3622,insertcoinclothing.com
3623,qyresearch.com
3624,kaiyuanba.cn
3625,duoao.cn
3626,aisino.com
3627,360trucks.cn
3628,gaokw.com
3629,u88.cn
3630,bendiso.com
3631,edaeu.com
3632,cdgdc.edu.cn
3633,huami.com
3634,mbalib.com
3635,vtc.edu.hk
3636,wochacha.com
3637,pokemon.name
3638,phbang.cn
3639,afzhan.com
3640,mianfeib.com
3641,letpub.com
3642,epicgames.com
3643,wanhgu.cn
3644,pixiv.net
3645,swiftec.pt
3646,cnjob.com
3647,dhzw.com
3648,feimaoyun.com
3649,mikocon.com
3650,myjidian.com
3651,wondersgroup.com
3652,360kan.com
3653,moe.gov.cn
3654,bdstatic.com
3655,didichuxing.com
3656,zimuku.la
3657,drip.im
3658,sodu2020.com
3659,55188.com
3660,buycar.cn
3661,iflytek.com
3662,ccobn.cn
3663,51baiwang.com
3664,npr.org
3665,kindlepush.com
3666,bjfu.edu.cn
3667,shandong.gov.cn
3668,abchina.com
3669,001farm.com
3670,wish.com
3671,torkitty.com
3672,midea.com
3673,tradew.com
3674,pinpaibao.com.cn
3675,mysmth.net
3676,csu.edu.cn
3677,myshopify.com
3678,cosci-med.com
3679,gybaixingpai.com
3680,smartisan.com
3681,bfsu.edu.cn
3682,horsechinaone.com
3683,wanteatp.cloud
3684,cdce.cn
3685,jurong.cn
3686,qianlima.com
3687,fxingw.com
3688,pantb.com
3689,salesforce.com
3690,engadget.com
3691,admin5.com
3692,wpdaxue.com
3693,dmhy.org
3694,hkma.gov.hk
3695,javbus.one
3696,rctiplus.com
3697,qgyyzs.net
3698,xinrenxinshi.com
3699,122.gov.cn
3700,xmu.edu.cn
3701,jia.com
3702,chineselaw.com
3703,greenxf.com
3704,yimei180.com
3705,zzidc.com
3706,gxsky.com
3707,ifanr.com
3708,lcrb.cn
3709,opdown.com
3710,whut.edu.cn
3711,epaidai.com
3712,51jiecai.com
3713,shoubiao.com.cn
3714,apelearn.com
3715,lishiquwen.com
3716,0851accp.com
3717,sci-hub.ren
3718,sankakucomplex.com
3719,javbus.info
3720,360xixi.com
3721,cqsq.com
3722,apache.org
3723,leju.com
3724,jzfenlei.com
3725,singlewindow.cn
3726,withoutworking.com
3727,ticai.cc
3728,pianyuan.la
3729,btbtt.us
3730,zdzdm.com
3731,zzqyml.com
3732,ruth-tshirt.com
3733,cskaoyan.com
3734,itjuzi.com
3735,level-plus.net
3736,hit.edu.cn
3737,youlai.cn
3738,theguardian.com
3739,chinamobile.com
3740,cninfo.com.cn
3741,blackboard.com
3742,sanguosha.com
3743,92kq.com
3744,kandianbao.com
3745,med361.com
3746,findpackage.co
3747,bnu.edu.cn
3748,itellyou.cn
3749,zhiball.com
3750,ffw.com.cn
3751,sumy.org.cn
3752,xuexi.cn
3753,bannedbook.org
3754,wsy.com
3755,tukuppt.com
3756,risesun.cn
3757,sapsf.cn
3758,aisixiang.com
3759,cphi-china.cn
3760,vpbus.com
3761,eduyun.cn
3762,holymountaincn.org
3763,diyifanwen.com
3764,ourtrade.net
3765,doubimei.com
3766,mgstage.com
3767,mozilla.org
3768,sublog.net
3769,shucunwang.com
3770,icoremail.net
3771,ebay.de
3772,guangshuishi.com
3773,hbeu.cn
3774,thewto.com
3775,7kshu.com
3776,beiii.com
3777,gifjia.com
3778,mmamos.ru
3779,5xiaoyuan.cn
3780,chinabidding.com
3781,hibor.com.cn
3782,exlibrisgroup.com
3783,xinshangmeng.com
3784,imanhuaw.com
3785,xbeibeix.com
3786,moviejie.net
3787,pianku.tv
3788,wowchina.com
3789,leduwo.com
3790,oxylane.com
3791,slm0099.com
3792,mail.ru
3793,qiushibaike.com
3794,dxy.net
3795,gamepedia.com
3796,dmeng.net
3797,hmyloginhub.co
3798,votobo.com
3799,huangye88.com
3800,520link.com
3801,likecha.com
3802,win7china.com
3803,globalimporter.net
3804,xueersi.com
3805,linkedines.com
3806,iyingsuo.com
3807,wnflb2020.com
3808,kj-cy.cn
3809,1234567.com.cn
3810,now.cn
3811,pipaw.com
3812,mobage.jp
3813,xna8.com
3814,huoban.com
3815,xvideos.com
3816,pinlue.com
3817,qingchengfit.cn
3818,gamekee.com
3819,ppdaicorp.com
3820,standardchartered.com.hk
3821,36dm.club
3822,amac.org.cn
3823,ccopyright.com.cn
3824,gdgs.gov.cn
3825,acshoes.com.cn
3826,voidcn.com
3827,northwestern.edu
3828,huazhu.com
3829,ppsport.com
3830,360buyimg.com
3831,cs.com.cn
3832,fanfou.com
3833,taptap.com
3834,xiaomiyoupin.com
3835,yakuhd.com
3836,sporttery.cn
3837,cdfgsanya.com
3838,bigbigwork.com
3839,fengniao.com
3840,pingan.com
3841,sobt6.top
3842,tansoole.com
3843,dygod.net
3844,tabooporns.com
3845,investing.com
3846,cartech8.com
3847,ditiezu.com
3848,phb123.com
3849,hipac.cn
3850,yuntisoft.net
3851,matomeno-sato.net
3852,xunjiepdf.com
3853,soq9.com
3854,mobanwang.com
3855,gdgpo.gov.cn
3856,007sn.com
3857,javhard.net
3858,12zw.com
3859,shiyibao.com
3860,gitee.io
3861,e-cology.com.cn
3862,shopee.cn
3863,lewenlewen.com
3864,caas.cn
3865,yun.cn
3866,beijing-time.org
3867,picclick.co.uk
3868,jsr9.com
3869,hualongxiang.com
3870,gwdang.com
3871,0513.org
3872,vjshi.com
3873,dropbox.com
3874,92np.com
3875,gucheng.com
3876,ctoutiao.com
3877,ccuto.com
3878,busfan.icu
3879,fadada.com
3880,changsha.gov.cn
3881,sto.cn
3882,sipo.gov.cn
3883,synology.cn
3884,rsc.org
3885,ctsec.com
3886,haomalljf.com
3887,aigei.com
3888,yundasys.com
3889,9dmdamaomod.com
3890,eascs.com
3891,guazi.com
3892,panelook.com
3893,fenqile.com
3894,hkbea-cyberbanking.com
3895,ec.com.cn
3896,futunn.com
3897,10101111.com
3898,stu20.com
3899,scut.edu.cn
3900,wdzj.com
3901,wejianzhan.com
3902,yingjiesheng.com
3903,newshipin.info
3904,fliggy.com
3905,vuejs.org
3906,uugai.com
3907,epinv.com
3908,xjnu.edu.cn
3909,xfpan.cc
3910,booktxt.net
3911,xknc.net
3912,jin10.com
3913,suricata.readthedocs.io
3914,japio.or.jp
3915,bbc.com
3916,geenmedical.com
3917,oup.com
3918,dongmanhuayuan.com
3919,ce.cn
3920,techisky.com
3921,dongtaiwang.com
3922,fangdaijisuanqi.com
3923,pearson.com
3924,changzhou.gov.cn
3925,lanzou.com
3926,148-law.com
3927,vobao.com
3928,matplotlib.org
3929,godic.net
3930,ikuko.com
3931,iresearch.cn
3932,h3yun.com
3933,91ymb.com
3934,binmade.cn
3935,dayanzai.me
3936,ulaval.ca
3937,nvidia.com
3938,h3c.com
3939,antfin-inc.com
3940,asus.com
3941,gengnie.com
3942,samr.gov.cn
3943,y2mate.com
3944,im286.net
3945,bitauto.com
3946,asthis.net
3947,hanjutv.com
3948,wiwide.com
3949,gagays.com
3950,wanbexpress.com
3951,changsha.cn
3952,yindou.com
3953,qnvod.net
3954,opticsjournal.net
3955,discuz.net
3956,yyets.com
3957,91porn.com
3958,hupun.com
3959,pbc.gov.cn
3960,crecgec.com
3961,simuwang.com
3962,213737.com
3963,safedog.cn
3964,cmvideo.cn
3965,yubaibai.com.cn
3966,sysu.edu.cn
3967,yw56.com.cn
3968,gongfa.com
3969,d0ea258blal.pw
3970,tuchong.com
3971,haodanku.com
3972,antfinancial-corp.com
3973,biqle.ru
3974,chinanetcenter.com
3975,downsx.net
3976,moa.gov.cn
3977,mitbbs.com
3978,scu.edu.cn
3979,21ic.com
3980,ml.com
3981,blyun.com
3982,renren.io
3983,idcicp.com
3984,meia.me
3985,um.edu.my
3986,lookvin.com
3987,bengden.com
3988,ccaen.com
3989,metalsinfo.com
3990,upantool.com
3991,soopat.com
3992,bitbank.com
3993,ouryao.com
3994,abiz.com
3995,shacs.gov.cn
3996,520z-2.com
3997,bzzworld.com
3998,lodashjs.com
3999,duanmeiwen.com
4000,bootcdn.cn
4001,fosunpharma.com
4002,999xs.com
4003,frontiersin.org
4004,mistong.com
4005,albiz.cn
4006,boqii.com
4007,yzs.io
4008,biz72.com
4009,hangzhou.gov.cn
4010,codesocang.com
4011,yni84.com
4012,csair.com
4013,3030.com.cn
4014,java1234.com
4015,ddrk.me
4016,qunhequnhe.com
4017,dililitv.com
4018,acghgame2.com
4019,mycodes.net
4020,toplicai.cn
4021,zte.com.cn
4022,loveha.net
4023,myapp.com
4024,tm.cn
4025,zhicheng.com
4026,soopay.net
4027,i5mai.com
4028,zunmi.cn
4029,leangoo.com
4030,imdb.com
4031,cq.gov.cn
4032,dataoke.com
4033,yprotec.com
4034,818ps.com
4035,cretgate.com
4036,xuandan.com
4037,91zz7.vip
4038,lightcon.com
4039,hqchip.com
4040,10youhui.com
4041,xuefa.com
4042,szwgmf.com
4043,loupan.com
4044,gdhrss.gov.cn
4045,55haitao.com
4046,btdx8.com
4047,newyx.net
4048,51zxw.net
4049,oh100.com
4050,zmengzhu.com
4051,caanet.org.cn
4052,ggak.com
4053,qqqnm.com
4054,china-nengyuan.com
4055,speiyou.com
4056,xiaoso.net
4057,playstation.com
4058,qqll.me
4059,kuaikanmanhua.com
4060,hdchina.org
4061,yimu100.com
4062,starmerx.com
4063,vk.com
4064,sagepub.com
4065,kingtrans.net
4066,hljdns4.cn
4067,5i5j.com
4068,hefei.gov.cn
4069,zbw99.com
4070,pdawiki.com
4071,stackexchange.com
4072,weboch.com.cn
4073,office.com
4074,yundaohang.com
4075,b-ok.global
4076,bcy.net
4077,cnplugins.com
4078,3atv111.com
4079,med66.com
4080,yts.mx
4081,fda.gov
4082,asiainfo.com
4083,sgcc.com.cn
4084,1010jiajiao.com
4085,eastsea.com.cn
4086,chtwm.com
4087,maijia.com
4088,ncu.edu.cn
4089,quizlet.com
4090,avtb2044.com
4091,0mag.net
4092,iqidao.com
4093,gaoloumi.cc
4094,ets.org
4095,binmade.net
4096,rutor.info
4097,yunxiao.com
4098,chunyuyisheng.com
4099,iqbroker.com
4100,livepopbars2.com
4101,ettoday.net
4102,hexieshe.com
4103,usps.com
4104,yhdm.io
4105,tesol.institute
4106,lulian.cn
4107,thefreedictionary.com
4108,psnine.com
4109,zysj.com.cn
4110,mpaypass.com.cn
4111,kuaitui911.com
4112,ewc.space
4113,ecar168.cn
4114,xingzuo360.cn
4115,speakout.hk
4116,xue338.com
4117,yeeach.com
4118,trjcn.com
4119,0daydown.com
4120,kingdee.com
4121,zftx.com
4122,8264.com
4123,news.cn
4124,1688wan.com
4125,ppdai.com
4126,soyunpan.com
4127,autotuner-tool.com
4128,wiggle.cn
4129,86kl.com
4130,risechina.com
4131,pcbeta.com
4132,jiwu.com
4133,gdedu.gov.cn
4134,pingjiaduo.com
4135,uupoop.com
4136,amobbs.com
4137,yuntsg.com
4138,lantui.com
4139,jqw.com
4140,amazonaws.com
4141,savevk.com
4142,gaitubao.com
4143,bjedu.cn
4144,imoe.org
4145,le.ac.uk
4146,hdslb.com
4147,byfy.cn
4148,aixifan.com
4149,le.com
4150,nytimes.com
4151,wex5.com
4152,shijubei.com
4153,cpad.gov.cn
4154,yulucn.com
4155,hellorf.com
4156,drugfuture.com
4157,dell.com
4158,wildhorde.com
4159,okta.com
4160,skyunion.net
4161,downmm.com
4162,deppon.com
4163,hangzhou.com.cn
4164,chainnode.com
4165,52z.com
4166,hoocs.cn
4167,santaihu.com
4168,xclient.info
4169,chexiu.com
4170,ghpym.com
4171,smartstudy.com
4172,lawxp.com
4173,playtv.com.cn
4174,yunpanjingling.com
4175,xuangubao.cn
4176,realsee.com
4177,mohurd.gov.cn
4178,sousuo.gov.cn
4179,eol.cn
4180,darya.net
4181,countrygarden.com.cn
4182,sketchfab.com
4183,businessvalue.com.cn
4184,semi.ac.cn
4185,lakala.com
4186,chaicp.com
4187,zhisiedu.cn
4188,sinopec.com
4189,islcollective.com
4190,smjb.net
4191,elasticsearch.cn
4192,jimu.com
4193,tyfo.com
4194,epubee.com
4195,caam.org.cn
4196,dzsofts.net
4197,unjs.com
4198,shangmengbiz.com
4199,yesky.com
4200,sedo.cn
4201,swellpro.com
4202,szse.cn
4203,gdufs.edu.cn
4204,maj-soul.com
4205,hotjob.cn
4206,ipass.vip
4207,yeshen.com
4208,idcspy.com
4209,ubuntu.com
4210,nfuwow.com
4211,bkjk.com
4212,gaosan.com
4213,typeo.top
4214,zdfx.net
4215,volmoe.com
4216,amazon.de
4217,superboss.cc
4218,sangfor.com.cn
4219,wuhan.gov.cn
4220,beibei.com
4221,alibaba.net
4222,cunhua.mom
4223,ynu.edu.cn
4224,ishare5.com
4225,mdpi.com
4226,libgen.li
4227,phxg.cn
4228,gzjt.gov.cn
4229,j222.org
4230,dji.com
4231,bet007.com
4232,ucc5k.com
4233,publiccms.com
4234,gooood.cn
4235,mobvoi.com
4236,guahao.com
4237,jizzbunker.net
4238,800bestex.com
4239,zjport.gov.cn
4240,ks365.org
4241,5a0e7acb57da.com
4242,mydown.com
4243,51voa.com
4244,zzy.cn
4245,baizhan.net
4246,iask.com
4247,flvcd.com
4248,caibaojian.com
4249,chinapostdoctor.org.cn
4250,aastocks.com
4251,metrotvnews.com
4252,p-bandai.jp
4253,tenpay.com
4254,bagevent.com
4255,facebook.com
4256,adnmb2.com
4257,tushu007.com
4258,domp4.com
4259,gnway.cc
4260,iimedia.cn
4261,csrc.gov.cn
4262,tuozhe8.com
4263,link114.cn
4264,sec.gov
4265,zhonghuanus.com
4266,dianzhentan.com
4267,datayes.com
4268,bl.com
4269,warcraftlogs.com
4270,020.com
4271,crecgec.cn
4272,sdqoi2d.com
4273,ctrans.org
4274,njau.edu.cn
4275,laozuo.org
4276,adidas.com.cn
4277,jiyunhudong.com
4278,grammarly.com
4279,longshun.org
4280,domain.cn
4281,hdu.edu.cn
4282,ysu.edu.cn
4283,qizuang.com
4284,bio360.net
4285,trustexporter.com
4286,cybozu.cn
4287,aihuishou.com
4288,zgsydw.com
4289,dongao.com
4290,yingsheng.com
4291,antpedia.com
4292,qeewen.com
4293,cam.ac.uk
4294,gameover.com.hk
4295,97riju.net
4296,nyu.edu
4297,vhostgo.com
4298,newhua.com
4299,j-net.cn
4300,d4toys.com
4301,hkbea.com
4302,chacuo.net
4303,proctoru.com
4304,hrss.gov.cn
4305,deepl.com
4306,ecupl.edu.cn
4307,izihun.com
4308,mouser.cn
4309,seewo.com
4310,bkill.com
4311,sourceforge.net
4312,ladyband.com
4313,topthink.com
4314,googlevideo.com
4315,seu.edu.cn
4316,16pic.com
4317,wepig.cn
4318,chinacaiju.org
4319,fbunseen.com
4320,baiten.cn
4321,ingping.com
4322,acg18.moe
4323,just.edu.cn
4324,konachan.com
4325,dmm.co.jp
4326,bytravel.cn
4327,nodejs.cn
4328,xdowns.com
4329,gsdata.cn
4330,ui.cn
4331,championat.com
4332,kdnet.net
4333,rrky.com
4334,zqsos.com
4335,yunzuoye.net
4336,shanghaixingdi.com
4337,hsw.cn
4338,hui-ben.com
4339,fiverr.com
4340,convertio.co
4341,ilovematlab.cn
4342,guizumeimei.com
4343,24iq.com
4344,thumbzilla.com
4345,mathleague.cn
4346,cccar.com.cn
4347,39zn.cn
4348,intel.com
4349,diezhan.me
4350,msxiaobing.com
4351,bitcoin86.com
4352,alldatasheet.com
4353,eleme.cn
4354,converto.io
4355,btbtdy2.com
4356,examw.com
4357,weblio.jp
4358,wantwe.com
4359,acm.org
4360,360kad.com
4361,zhugeio.com
4362,kiwi8.top
4363,zhuna.cn
4364,ubc.ca
4365,sdu.edu.cn
4366,pzacademy.com
4367,fulifan.xyz
4368,china-mama.com
4369,rgf-hragent.com.cn
4370,huanleguang.com
4371,meizu.cn
4372,ipjingling.com
4373,scu.edu.au
4374,haolaba.org
4375,enercon.de
4376,gxun.edu.cn
4377,2btjia.com
4378,euchips.cn
4379,teacher.com.cn
4380,williamlong.info
4381,ikuai8.com
4382,cnxiangyan.com
4383,tuliu.com
4384,ganji.com
4385,feedly.com
4386,qlteacher.com
4387,osu.edu
4388,gagahi.com
4389,cbzr.com
4390,tkjidi.com
4391,hep.com.cn
4392,gelbooru.com
4393,python.org
4394,meihua.info
4395,cdb.com.cn
4396,softonic.com
4397,chinaemail.cn
4398,url302.xyz
4399,cndzys.com
4400,500d.me
4401,bwin.be
4402,07net01.com
4403,c4dsky.com
4404,xuebalib.com
4405,pte.hu
4406,dm5.com
4407,seo691.com
4408,cwkeji.cn
4409,dictall.com
4410,smple.io
4411,universalis.app
4412,z01.com
4413,google.co.jp
4414,iesdouyin.com
4415,qmail.com
4416,schwab.com
4417,smallpdf.com
4418,radarlab.org
4419,vjudge.net
4420,audiobar.cn
4421,xuexi.la
4422,miit-eidc.org.cn
4423,smu.edu.cn
4424,leyanbot.com
4425,lngs.gov.cn
4426,butao.com
4427,elastic.co
4428,enorth.com.cn
4429,taihe.com
4430,winwin7.com
4431,zaixian-fanyi.com
4432,meijutx.com
4433,bbn.com.cn
4434,ceea3a8ea1f.pw
4435,zsxq.com
4436,b47w.com
4437,bigowu.com
4438,oracle.com
4439,sketchup.com
4440,ffxiv.cn
4441,aidoru-online.me
4442,leniter.org
4443,nudt.edu.cn
4444,assdrty.com
4445,wegame.com.cn
4446,wxb.com
4447,ixdc.org
4448,zhaopin.cn
4449,xueanquan.com
4450,recaptcha.net
4451,hp.com
4452,jobmd.cn
4453,ccmn.cn
4454,neoteched.com
4455,yuntongxun.com
4456,66e.cc
4457,made-in-china.com
4458,anti110.icu
4459,duozhi.com
4460,jlu.edu.cn
4461,fallenark.com
4462,hirain.com
4463,ups.com
4464,bilivideo.com
4465,picbling.com
4466,to8to.com
4467,disp.cc
4468,easyicon.net
4469,99114.com
4470,fxiaoke.com
4471,crmzb.com
4472,linuxidc.com
4473,ionewu.com
4474,bankcomm.com
4475,caixin.com
4476,hainan.gov.cn
4477,epson.com.cn
4478,lianshimall.com
4479,jy-express.cn
4480,51xiazai.cn
4481,herzen.spb.ru
4482,sure56.com
4483,heiye.cc
4484,branah.com
4485,canon.com.cn
4486,zhuixinfan.com
4487,youporn.com
4488,sensorsone.com
4489,77y4.com
4490,400cx.com
4491,eurecom.fr
4492,kekenet.com
4493,megvii-inc.com
4494,pubtsg.com
4495,baofoo.com
4496,jhu.edu
4497,80s.tw
4498,etao.com
4499,shicimingju.com
4500,766200.com
4501,paladone.com
4502,canevent.com
4503,i5a6.com
4504,ksjsa.com
4505,sc.gov.cn
4506,qust.edu.cn
4507,zcool.cn
4508,btmao.cc
4509,0796jgs.com
4510,comlan.com
4511,yzw.cn
4512,i-0v0.in
4513,567pan.com
4514,tqm.cn
4515,5lux.com
4516,xuzhi.net
4517,aicai.com
4518,investopedia.com
4519,qiniu.io
4520,suda.edu.cn
4521,cnca.cn
4522,ncss.cn
4523,juejin.im
4524,yyets8.com
4525,chinalanguages.org
4526,spb.gov.cn
4527,cjkt.com
4528,ai66.cc
4529,023dir.com
4530,f37y.xyz
4531,91xsp.biz
4532,clarivate.com
4533,yellowurl.cn
4534,unsplash.com
4535,114niuav.com
4536,mathworks.com
4537,google.com.tw
4538,torrentkitty.tv
4539,ppy.sh
4540,lorefree.com
4541,litaai.xyz
4542,gdzwfw.gov.cn
4543,yz4555.com
4544,stockq.cn
4545,dlads.cn
4546,tongdun.cn
4547,dogedoge.com
4548,neu6.edu.cn
4549,edatop.com
4550,fevte.com
4551,flyme.com
4552,kingsoft.cn
4553,xuebuyuan.com
4554,msftconnecttest.com
4555,huobi.pr
4556,lingosail.com
4557,wandoujia.com
4558,wfxrl2.xyz
4559,foxmail.com
4560,xjjspxgl.com
4561,mi818.com
4562,btsow.store
4563,zjut.cc
4564,jubt.gq
4565,xiniu.com
4566,archdaily.com
4567,duote.com
4568,doe.gov
4569,naver.com
4570,s99s.top
4571,kuke.com
4572,pexels.com
4573,fordham.edu
4574,sanv.org
4575,worldfirst.com.cn
4576,fkw.com
4577,benmi.com
4578,zhenguanyu.com
4579,ourmall.com
4580,guandianzhiku.com
4581,baiwanzhan.com
4582,myhostadmin.net
4583,sephora.cn
4584,ickd.cn
4585,nantong.gov.cn
4586,ip.cn
4587,dajie.com
4588,gupang.com
4589,17qq.com
4590,inno-chem.com.cn
4591,id68.cn
4592,3d66.com
4593,zwdu.com
4594,manhuafen.com
4595,tradukka.com
4596,tgfcer.com
4597,dytt.com
4598,khanacademy.org
4599,juji.tv
4600,steamcommunity.com
4601,tp-link.com.cn
4602,jiaoyimao.com
4603,vicp.net
4604,pingpongx.com
4605,baimin.com
4606,instagram.com
4607,xooooa.com
4608,hailiangedu.com
4609,kixeye.com
4610,pcsoft.com.cn
4611,baike567.com
4612,88kan.com
4613,visualstudio.com
4614,cnu.edu.cn
4615,fushuwang.org
4616,typekadeh.com
4617,ktt1080.com
4618,metropolitan.hu
4619,52poke.com
4620,wsj.com
4621,eastgame.org
4622,66rpg.com
4623,guomo.me
4624,julialang.org
4625,babihu.com
4626,6ke.com.cn
4627,yinhang123.net
4628,shopee.com
4629,banx.co
4630,anxia.com
4631,buct.edu.cn
4632,appledaily.com
4633,ah.gov.cn
4634,mvnrepository.com
4635,shoudian.org
4636,zhulong.com
4637,xiqueqingjian.com
4638,baicuoa.com
4639,alicesite.com
4640,baidupcs.com
4641,52mac.com
4642,tutor2u.net
4643,idongde.com
4644,wggames.cn
4645,chess.com
4646,xinhuamed.com.cn
4647,voc.com.cn
4648,ebay.com.hk
4649,javfree.me
4650,foreignexchangerates.org
4651,qqxiuzi.cn
4652,91huayi.com
4653,linkedin.com
4654,zenithbank.com
4655,ikea.cn
4656,hiccears.com
4657,v587s.vip
4658,heiyan.com
4659,51miz.com
4660,tutorabc.com.cn
4661,cnhubei.com
4662,xun-niu.com
4663,mihuashi.com
4664,talk99.cn
4665,cast.org.cn
4666,dy1234.net
4667,f3322.net
4668,php.cn
4669,thermofisher.com
4670,erp321.com
4671,caac.gov.cn
4672,yiyaojd.com
4673,cgbchina.com.cn
4674,cnstock.com
4675,chanpin100.com
4676,pianku.me
4677,tellme.pw
4678,xjufe.edu.cn
4679,cfp.cn
4680,neauce.com
4681,mcmod.cn
4682,ouw5.com
4683,tomtop.com
4684,medium.com
4685,infinitynewtab.com
4686,5173.com
4687,freepik.com
4688,keepa.com
4689,rr.tv
4690,torrentkittyurl.com
4691,crackwatch.com
4692,wenming.cn
4693,cdprojektred.com
4694,ahlens.se
4695,ypro.com
4696,livejasmin.com
4697,16163.com
4698,officezhushou.com
4699,zeyouquan.com
4700,yingjia360.com
4701,xbiao.com
4702,moddb.com
4703,bcebos.com
4704,xiaoeknow.com
4705,999.com.cn
4706,pianku.li
4707,zhaozi.cn
4708,zjbiz.net
4709,banzaijapan.jp
4710,hero-wars.com
4711,jpoping.org
4712,t3t3t3.me
4713,vvic.com
4714,thesaurus.com
4715,oklink.com
4716,btzhijia.net
4717,yzz41.com
4718,enkj.com
4719,china95.net
4720,nwafu.edu.cn
4721,czvv.com
4722,maorx.cn
4723,tonbao.com
4724,51aimei.com
4725,imcu.com
4726,9xhgchpz.club
4727,uce.cn
4728,zongheng.com
4729,96weixin.com
4730,ccnu.edu.cn
4731,bjhd.gov.cn
4732,hypebeast.cn
4733,lnmp.org
4734,fssyd.com
4735,99danji.com
4736,sina.lt
4737,force.com
4738,sap.com
4739,mfcpx.com
4740,medlive.cn
4741,cloudfront.net
4742,juhe.cn
4743,4download.net
4744,nsfocus.com
4745,sdgxbys.cn
4746,livefarsi.com
4747,libgen.lc
4748,fsyongtao.com
4749,crc703.com
4750,ca168.com
4751,netflix.com
4752,outofmemory.cn
4753,jinbaodm.com
4754,patentstar.com.cn
4755,e23.cn
4756,manchester.ac.uk
4757,decathlon.com.cn
4758,co188.com
4759,cowtransfer.com
4760,xmfish.com
4761,zt5.com
4762,antgroup.com
4763,caijing.com.cn
4764,manmankan.com
4765,etoroasia-investing.com
4766,yw.gov.cn
4767,dazhuanlan.com
4768,dd373.com
4769,webank.com
4770,harpost.com
4771,njtech.edu.cn
4772,capitalonline.net
4773,366379f22ac4.com
4774,vmware.com
4775,100ppi.com
4776,618g.com
4777,11px.cn
4778,wjw.cn
4779,downmz.rocks
4780,guokr.com
4781,53ys.cc
4782,edenw.com
4783,javarchive.com
4784,chinabgao.com
4785,seozac.com
4786,pvc123.com
4787,xywy.com
4788,downmz.xyz
4789,downsx.club
4790,fengyan.cc
4791,pixnet.net
4792,freefq.com
4793,chinadegrees.cn
4794,payoneer.com
4795,kubesphere.com.cn
4796,55cc.cc
4797,hyperledger-fabric.readthedocs.io
4798,21cnjy.com
4799,faw-vw.com
4800,135309.com
4801,jubt.cf
4802,mohrss.gov.cn
4803,tomtopscm.com
4804,thiled.com
4805,iyingdi.com
4806,aixiaoju.com
4807,eeagd.edu.cn
4808,bookroo.com
4809,wangxiao.cn
4810,duxiu.com
4811,duolingo.cn
4812,ruankao.org.cn
4813,zjtcn.com
4814,xiaomantu.com
4815,zhitongcaijing.com
4816,downmz.pw
4817,shejiben.com
4818,yn.gov.cn
4819,huishoushang.com
4820,bjcourt.gov.cn
4821,molbase.cn
4822,anysex.com
4823,3g123go.com
4824,mediav.com
4825,ubi.com
4826,ikanmv.com
4827,csindex.com.cn
4828,boke8.net
4829,takefoto.cn
4830,uspto.gov
4831,sxltshy.com
4832,dawenxue.net
4833,mysubmail.com
4834,apowersoft.cn
4835,health-diet.ru
4836,fj96336.com
4837,lf127.net
4838,cdtu.edu.cn
4839,macwk.com
4840,93hdw9.com
4841,qixin.com
4842,awacgfsd.com
4843,skyexpress.us
4844,yzz31.com
4845,95559.com.cn
4846,net114.com
4847,68132b3453d3.com
4848,mymobile-wifi.com
4849,lordfilms-s.pw
4850,aboluowang.com
4851,lgstatic.com
4852,bjebhyy.com
4853,learnersdictionary.com
4854,yytt2012.com
4855,dyhzdl.cn
4856,jjmjtv.com
4857,niceloo.com
4858,redcat18.com
4859,lexue.com
4860,hlbeelsmsy.com
4861,zjnu.edu.cn
4862,shqysl.cn
4863,bio-equip.com
4864,chinapyg.com
4865,49194648f24b.com
4866,ouc.edu.cn
4867,chdbits.co
4868,arabidopsis.org
4869,junhe.com
4870,lboss.cn
4871,jiapinai.com
4872,yuketang.cn
4873,wendangku.net
4874,mmbang.com
4875,mheducation.com
4876,fanserial.net
4877,fabricjs.com
4878,licai18.com
4879,hdnubilessex.com
4880,gywb.cn
4881,zhixue.com
4882,321mh.com
4883,pbnmdcb.xyz
4884,cscec.com
4885,home-for-researchers.com
4886,rus.ec
4887,bigfun.cn
4888,jiangxi.gov.cn
4889,ueren.com
4890,yourip.cn
4891,jxcn.cn
4892,cweun.org
4893,douban.fm
4894,shaoit.com
4895,mathworks.cn
4896,bingj.com
4897,ctyun.cn
4898,xitongtiandi.net
4899,meitu.com
4900,summer-plus.net
4901,foxitsoftware.cn
4902,detaibio.com
4903,yify-movies.net
4904,yaohuo.me
4905,law-lib.com
4906,caict.ac.cn
4907,expreview.com
4908,kaola.com
4909,allinmd.cn
4910,dimix.com.cn
4911,aemoban.com
4912,gaodun.cn
4913,istic.ac.cn
4914,proquest.com
4915,wenbing.cn
4916,hualala.com
4917,306t.com
4918,0797rs.com
4919,ihuyi.com
4920,asklib.com
4921,121down.com
4922,tadaigou.com
4923,yandex.ru
4924,ceair.com
4925,seedmm.zone
4926,shipxy.com
4927,yuanlai521.com
4928,lookfantastic.cn
4929,jetbrains.com
4930,antv.vision
4931,aisships.com.cn
4932,dytt89.com
4933,quickconnect.cn
4934,tju.edu.cn
4935,70dir.com
4936,xhwcn.com
4937,ccutu.com
4938,ccaa.org.cn
4939,eggvod.cn
4940,tvsou.com
4941,xinduonao.com
4942,11773.com
4943,ouj.com
4944,ugirls.com
4945,tutujia.com
4946,loldytt.org
4947,cug.edu.cn
4948,chinapost.com.cn
4949,speedtest.net
4950,bijiaqi.com
4951,eryi.org
4952,cnmo.com
4953,chinagwy.org
4954,codapayments.com
4955,zlibcdn.com
4956,shanghai.gov.cn
4957,210997.com
4958,kguowai.com
4959,downmn.pw
4960,33mov.com
4961,plantphysiol.org
4962,sogo.com
4963,draveness.me
4964,dongfangfuli.com
4965,sellergrowth.com
4966,cnrri.org
4967,soshoulu.com
4968,engineeringtoolbox.com
4969,avtb2043.com
4970,drivergenius.com
4971,trackchair.com
4972,twitter.com
4973,qspfw.com
4974,kubernetes.org.cn
4975,ketangpai.com
4976,qstheory.cn
4977,bigvideo.net
4978,semanticscholar.org
4979,24k99.com
4980,tembin.com
4981,ibkr.com.cn
4982,dj97.com
4983,tplogin.cn
4984,yxbao.com
4985,tktkstore.myshopify.com
4986,academia.edu
4987,lizhiweike.com
4988,ujsde.com
4989,ck-si.com
4990,tv002.com
4991,itc.cn
4992,sdtdata.com
4993,listeningexpress.com
4994,googlesyndication.com
4995,dg.gov.cn
4996,12580.tv
4997,11183.com.cn
4998,17xueba.com
4999,fakame.com
5000,jquerycn.cn
5001,8284.com
5002,atmarkit.co.jp
5003,lingfengyun.com
5004,aotu.io
5005,leawo.cn
5006,ebu.io
5007,biqugev.cc
5008,1080pys.com
5009,ps123.net
5010,teamviewer.com
5011,trinasolar.com
5012,mag234.com
5013,nordicsemi.com
5014,gdufe.edu.cn
5015,freesion.com
5016,060193.top
5017,hgq26.com
5018,vw.com.cn
5019,meipai.com
5020,cqfledu.cn
5021,kongjiedxi.fun
5022,crpharm.com
5023,hanmaker.com
5024,prudential.com.hk
5025,firefox.com.cn
5026,cssn.cn
5027,zhms.cn
5028,downmn.rocks
5029,wipo.int
5030,scnu.edu.cn
5031,xueshu998.com
5032,chinawuliu.com.cn
5033,yy8844.cn
5034,xiapibuy.com
5035,sony.com.cn
5036,kxdw.com
5037,rambler.ru
5038,njrsks.net
5039,faloo.com
5040,hotgirl.biz
5041,nasa.gov
5042,verym.com
5043,dns.com
5044,igg-games.com
5045,xiaoben365.com
5046,ubisoft.com
5047,ottcn.com
5048,haust.edu.cn
5049,wikiwand.com
5050,ucbug.com
5051,hddolby.com
5052,pintia.cn
5053,99cankao.com
5054,notion.so
5055,icbcasia.com
5056,playgm.cc
5057,360webcache.com
5058,numpy.org
5059,80lib.com
5060,xmrc.com.cn
5061,soundofhope.org
5062,baidu-int.com
5063,spankbang.com
5064,gelonghui.com
5065,58580.com
5066,bungiestore.com
5067,alitrip.com
5068,17usoft.net
5069,zodgame.xyz
5070,imaxmv.com
5071,moe.edu.cn
5072,primeoffice.com.hk
5073,philstar.com
5074,21cn.com
5075,ruan8.com
5076,zaozuo.com
5077,cgzyw.com
5078,xxxdan.com
5079,aliexpress.ru
5080,hdbd.us
5081,kunlun.com
5082,b2clogin.com
5083,intel.cn
5084,21jrr.com
5085,lavasoft.com
5086,cndesign.com
5087,chinapmp.cn
5088,wukong.com
5089,douguo.com
5090,guandian.cn
5091,locoy.com
5092,vvjia.com
5093,online-convert.com
5094,sonystyle.com.cn
5095,gzhc365.com
5096,woa.com
5097,mipang.com
5098,bamaying.com
5099,zjlib.cn
5100,trkclicklog.com
5101,taosj.com
5102,vmovier.com
5103,pig66.com
5104,sd173.com
5105,12345fund.com
5106,yzz40.com
5107,szzfgjj.com
5108,bmlink.com
5109,sslibrary.com
5110,amazon-adsystem.com
5111,hunanhr.cn
5112,webtrn.cn
5113,zentaopm.com
5114,meituan.net
5115,lanfanshu.cn
5116,cdiscount.com
5117,tuniu.com
5118,gen-opt.com
5119,xz7.com
5120,biquger.com
5121,imgo.tv
5122,xidorn.com
5123,nhc.gov.cn
5124,tiandiyoyo.com
5125,025256.com
5126,yunzmb.com
5127,blizzardgames.cn
5128,paperray.com
5129,hrssgz.gov.cn
5130,dashgame.com
5131,cnitpm.com
5132,623905.com
5133,bjnews.com.cn
5134,yoyou.com
5135,polyv.cn
5136,homesacg.com
5137,80smp4.cc
5138,hbkx.org.cn
5139,lpb5.com
5140,bytedance.com
5141,zt-express.com
5142,zhyww.cn
5143,265.com
5144,zmk.pw
5145,tujia.com
5146,ly6080.com.cn
5147,hunnu.edu.cn
5148,farazsoft.ir
5149,5uxz.com
5150,114shouji.com
5151,game234.com
5152,xizi.com
5153,maoyt.com
5154,cnhnb.com
5155,tfsb.cn
5156,daifazhu.com
5157,sendowl.com
5158,huggingface.co
5159,mingyuanyun.com
5160,bqool.cn
5161,263.com
5162,assrt.net
5163,huion.com
5164,gzsums.net
5165,uestc.edu.cn
5166,126.net
5167,centrostuditaliani.cn
5168,safe.gov.cn
5169,haha.mx
5170,rijutv.com
5171,shutterstock.com
5172,lelechen.com
5173,crystalradio.cn
5174,popyard.com
5175,rarbgget.org
5176,kaixinguopiao.com
5177,wzktys.com
5178,mot.gov.cn
5179,tubevideo8k.com
5180,ibm.com
5181,bacaoo.com
5182,manhuadb.com
5183,bazhuayu.com
5184,xiaoe-tech.com
5185,bluubay.top
5186,wjx.top
5187,pchome.net
5188,evise.com
5189,siteloop.net
5190,milimili.tv
5191,blackboardcdn.com
5192,lirn.net
5193,lcsc.com
5194,best73.com
5195,chaoshanren.com
5196,airchina.com.cn
5197,infoq.cn
5198,busfan.us
5199,duanshu.com
5200,ppqiu8.com
5201,dg.cn
5202,kaike.la
5203,sd.gov.cn
5204,cyberiu.com
5205,codenong.com
5206,edx.org
5207,daftsex.com
5208,microsemi.com
5209,33lc.com
5210,ucl.ac.uk
5211,metvb1.com
5212,krsncjdnr.xyz
5213,agefans.net
5214,chinahr.com
5215,iikx.com
5216,wecenter.com
5217,colourpop.com
5218,66868.com
5219,hdarea.co
5220,buyandship.today
5221,guoyao88.com
5222,plasway.com
5223,kuaishangche.xyz
5224,tpddns.cn
5225,waditu.com
5226,tiexue.net
5227,95599.cn
5228,webdev.com
5229,zhsho.com
5230,lhhz.net
5231,dongruixinxi.com
5232,superteacherworksheets.com
5233,sfu.ca
5234,crov.com
5235,jfatty.com
5236,trialos.com
5237,henau.edu.cn
5238,extfans.com
5239,xiaozh.xyz
5240,chinabaogao.com
5241,board4all.biz
5242,user-shield.com
5243,yeah.net
5244,planetb.ca
5245,zzrbl.com
5246,551432.com
5247,comac.cc
5248,iheima.com
5249,alexa.cn
5250,ecitic.com
5251,zaisubao.com
5252,n802.com
5253,cwl.gov.cn
5254,xcatliu.com
5255,do1.com.cn
5256,itbulu.com
5257,zhinin.com
5258,z1.fm
5259,topease.net
5260,elong.com
5261,shortof.com
5262,motor-fan.jp
5263,dianhua.cn
5264,c-ctrip.com
5265,red-dot.org
5266,ktkt.com
5267,474b.com
5268,bi-xenon.cn
5269,yyetss.com
5270,05wan.com
5271,thepiratebay10.org
5272,8947.life
5273,zuanke8.com
5274,brushes8.com
5275,51pla.com
5276,dhl.de
5277,cnhnkj.com
5278,patentics.com
5279,badmintoncn.com
5280,alivv.com
5281,gotoip3.com
5282,ebay.ca
5283,onegreen.net
5284,yxlearning.com
5285,jfz.com
5286,haopinku.com
5287,city8.com
5288,cnpkm.com
5289,qcsdn.com
5290,imacso.com
5291,clothinglabels.cn
5292,8866.org
5293,chinamil.com.cn
5294,xdtech.top
5295,srworld.net
5296,jdl.cn
5297,taxuo.com
5298,sendong.com
5299,zhisiyun.com
5300,cntv.cn
5301,piefeng.cn
5302,qbaobei.com
5303,qubook.net
5304,sumool.com
5305,teachermate.com.cn
5306,adrs.org.cn
5307,t-mobile.com
5308,url.cn
5309,wandhi.com
5310,gzaic.gov.cn
5311,fivver.com
5312,siteplug.com
5313,jumpserver.org
5314,fofa.so
5315,canada.ca
5316,unblockit.app
5317,nban.cn
5318,trustarc.com
5319,etnet.com.hk
5320,xoyo.com
5321,bible.com
5322,espacenet.com
5323,sputniknews.cn
5324,27k.cc
5325,pytorch.org
5326,rarbt.cc
5327,mysipo.com
5328,veryhuo.com
5329,91flac.com
5330,jiepei.com
5331,wit.edu.cn
5332,zsthc.com
5333,shenzhenair.com
5334,feifantv.net
5335,creditsailing.com
5336,dlsh.cn
5337,ata.net.cn
5338,subhdtw.com
5339,fanli.com
5340,free-ss.site
5341,haojuwu.net
5342,i21st.cn
5343,chinakaoyan.com
5344,sexhdmovs.com
5345,cqccms.com.cn
5346,41c45.com
5347,chinaso.com
5348,hteacher.net
5349,rutgers.edu
5350,tv189.com
5351,rfi.fr
5352,ttpaihang.com
5353,msxf.com
5354,lottery-it.com
5355,smzy.com
5356,szacct.com
5357,soyohui.com
5358,kuaizhan.com
5359,af972c8729a3.com
5360,kmf.com
5361,dajiazhao.com
5362,7mmtv.tv
5363,most.gov.cn
5364,cdclib.org
5365,fujian.gov.cn
5366,zjooc.cn
5367,cnpython.com
5368,edisebay.com
5369,ane56.com
5370,misumi.com.cn
5371,p5w.net
5372,bbsmax.com
5373,kizclub.com
5374,downsx.rocks
5375,500px.com.cn
5376,tcmap.com.cn
5377,joca.cn
5378,hifi168.com
5379,libnet.sh.cn
5380,coolapk.com
5381,c7sky.com
5382,hndytz.com
5383,bdyso.com
5384,xkw.com
5385,178winwin.cn
5386,mingyihui.net
5387,ett.cc
5388,busfan.bid
5389,jianbiaoku.com
5390,zhuangyi.com
5391,sciencemag.org
5392,100credit.com
5393,oyohotels.cn
5394,haiyingshuju.com
5395,cailiao.com
5396,ria.ru
5397,qiyuesuo.com
5398,dmmsee.zone
5399,cyberpolice.cn
5400,u.gg
5401,dygang.net
5402,bloombergradio.com
5403,comicat.org
5404,finereport.com
5405,cyzone.cn
5406,kankanews.com
5407,8080s.net
5408,tke333.online
5409,momentjs.cn
5410,hyds360.com
5411,jju.edu.cn
5412,europages.cn
5413,zoom.com.cn
5414,gamewith.jp
5415,cgmama.com
5416,656463.com
5417,hotelgg.com
5418,tendawifi.com
5419,sioe.cn
5420,y3600.cc
5421,doczj.com
5422,uniprot.org
5423,popyard.org
5424,6080w.com
5425,ghzs.com
5426,navicat.com.cn
5427,jingdaka.com
5428,obsecureapi.com
5429,7m.com.cn
5430,sci-hub.tf
5431,pilipali.cc
5432,bshare.cn
5433,vazhno.ru
5434,cndocsys.cn
5435,oneplus.com
5436,wemew.cn
5437,56.com
5438,huorong.cn
5439,u7c7.com
5440,gwghk.com
5441,pornhubpremium.com
5442,93093.com
5443,985333.com
5444,114ic.com
5445,btbtt06.com
5446,kidsa-z.com
5447,overleaf.com
5448,ik123.com
5449,kknews.cc
5450,liantu.com
5451,stat-nba.com
5452,51teacher.com.cn
5453,baiduyun.wiki
5454,vfed.cc
5455,bicupid.com
5456,3xiazai.com
5457,cnnsr.com.cn
5458,brnt.xyz
5459,17zuoye.cn
5460,imago-images.de
5461,xiziwang.net
5462,tianrang-inc.com
5463,yhzllxx.com
5464,acdsee.cn
5465,kingsoft.com
5466,btxqw.com
5467,thmz.com
5468,mmwin.cn
5469,lygbst.cn
5470,hanjutv2020.com
5471,iwant-sex.com
5472,meitanjianghu.com
5473,160.com
5474,cmu.edu
5475,lanrenzhijia.com
5476,hmeje.com
5477,1kkk.com
5478,cncn.com
5479,eefocus.com
5480,husor.com
5481,diskgenius.cn
5482,eetop.cn
5483,webb-site.com
5484,qyxxpd.com
5485,xbiquge.la
5486,qunzou.com
5487,trustasia.com
5488,lanaboards.com
5489,howbuy.com
5490,9to.com
5491,lunlitt.com
5492,gzhu.edu.cn
5493,shuquge.com
5494,bigbrosci.com
5495,cebbank.com
5496,pactera.com
5497,nginx.org
5498,prestige-av.com
5499,xue51.com
5500,nas66.com
5501,stanford.edu
5502,chaturbate.com
5503,torrentkitty.net
5504,kaggle.com
5505,dealmoon.com
5506,leemanchina.com
5507,fhyx.hk
5508,786666.com
5509,redhat.com
5510,1024mzs.net
5511,8303.com
5512,fcsc.com
5513,sdsgwy.com
5514,orcid.org
5515,hqwx.com
5516,linuxprobe.com
5517,cnca.gov.cn
5518,di178.com
5519,epochtimes.com
5520,ezcast.com
5521,jnsjxjy.com
5522,xinjiang.gov.cn
5523,discuz.com
5524,bdqn.cn
5525,infosport.com.cn
5526,faxingzhan.com
5527,iptorrents.com
5528,pigai.org
5529,toeic.cn
5530,5base.com
5531,tiktok.com
5532,cnaidc.com
5533,yalayi.net
5534,jszg.edu.cn
5535,qbox.me
5536,mjw2020.com
5537,westcliff.edu
5538,c3cb7c452cdd.com
5539,shadowsocks.nz
5540,zhongkao.com
5541,gearbest.com
5542,tuya.com
5543,0759home.com
5544,sojson.com
5545,ziroom.com
5546,getui.com
5547,xinmin.cn
5548,qianjia.com
5549,dianwannan.com
5550,meiquan8.com
5551,hbu.cn
5552,phome.net
5553,amarsoft.com
5554,haozhanhui.com
5555,gamewith.tw
5556,hitun.io
5557,qy6.com
5558,panopto.eu
5559,dper.com
5560,qmxxs.com
5561,study.com
5562,cnpc.com.cn
5563,avsox.website
5564,uisee.ai
5565,soyoung.com
5566,indimusic.tv
5567,cisco.com
5568,ti.com
5569,itslaw.com
5570,1024sj.com
5571,yst.am
5572,svw-volkswagen.com
5573,2hanju.com
5574,scipy.org
5575,bankofbeijing.com.cn
5576,52flac.com
5577,staples.cn
5578,pptstore.net
5579,ccblog.cn
5580,winokia.org
5581,wzvcst.edu.cn
5582,spring.io
5583,7khd.com
5584,pukinte.com
5585,voachinese.com
5586,mweda.com
5587,eeworld.com.cn
5588,wanmei.com
5589,omaha.org.cn
5590,baihe.com
5591,lightmake.cn
5592,etlong.com
5593,iamtxt.com
5594,egsea.com
5595,xilinjie.com
5596,teledynetekmar.com
5597,htmleaf.com
5598,zhiguoguo.com
5599,torlook.info
5600,sonkwo.hk
5601,kotaku.com
5602,puxiang.com
5603,stnn.cc
5604,aii-alliance.org
5605,hifidiy.net
5606,yinhangzhaopin.com
5607,sportbox.ru
5608,qzrc.com
5609,v4dwkcv.com
5610,7junshi.com
5611,ggac.net
5612,16sucai.com
5613,tuanche.com
5614,veryins.com
5615,fotor.com.cn
5616,neb-china.com
5617,teach-nology.com
5618,1377x.to
5619,ebookcn.com
5620,outbrain.com
5621,74cms.com
5622,ichina.cn
5623,gzzk.cn
5624,microsoftstore.com.hk
5625,thea.cn
5626,x3china.com
5627,coolaf.com
5628,2-class.com
5629,socialbeta.com
5630,hi.ru
5631,docker.com
5632,imtranslator.net
5633,guitarworld.com.cn
5634,gzxtsg.com
5635,k12reader.com
5636,41c15.com
5637,aiweibk.com
5638,bohaishibei.com
5639,ulearning.cn
5640,chase.com
5641,wenshushu.cn
5642,yonyou.com
5643,y2t.com
5644,fidelity.com
5645,9k9k.com
5646,zmingcx.com
5647,pub.dev
5648,xz.com
5649,1th.cn
5650,iem.at
5651,camscanner.com
5652,53shop.com
5653,zz91.com
5654,crmg.cn
5655,china-airlines.com
5656,zhan.com
5657,bde4.cc
5658,howjust.com
5659,ygo-sem.cn
5660,ea3w.com
5661,0b1cd532ca2a.com
5662,333ttt.com
5663,ecollege.com
5664,eroticmovies.xyz
5665,dalipan.com
5666,isd.com
5667,eet-china.com
5668,egybest.pet
5669,pp.cc
5670,cgpyp1.xyz
5671,www477333.com
5672,iceporn.tv
5673,chinariceinfo.com
5674,pop-fashion.com
5675,gansu.gov.cn
5676,meishichina.com
5677,fx361.com
5678,sheizhiwo.com
5679,youxihezi.net
5680,bookclub.ua
5681,gebi1.com
5682,bidemi.com
5683,xinti.com
5684,shixiseng.com
5685,68design.net
5686,ypppt.com
5687,chinaplay.store
5688,casssemi.com
5689,mikugal.com
5690,gameres.com
5691,hnzyjn.cn
5692,hihi001.cc
5693,gdbs.gov.cn
5694,lua99.com
5695,1lh.cc
5696,shenchuang.com
5697,zuoyebang.cc
5698,lenta.ru
5699,agefans.tv
5700,faiusr.com
5701,chinarevit.com
5702,amz520.com
5703,arubanetworks.com
5704,psbc.com
5705,zhongguowangshi.com
5706,unionpay.com
5707,ebama.net
5708,qingdao.gov.cn
5709,w3cub.com
5710,gldaewoo.com
5711,bjtime.cn
5712,txrjy.com
5713,21kunpeng.com
5714,teledyneacs.com
5715,wsglw.net
5716,publons.com
5717,proxybay.kim
5718,5nd.com
5719,zhimg.com
5720,chailease.com.cn
5721,vemic.com
5722,naihes.cn
5723,yyrtv.com
5724,benchling.com
5725,wriza.top
5726,realsrv.com
5727,250sy.cc
5728,ibg.com
5729,eudic.net
5730,crecgwm.com
5731,shipinzhuanhuan.cn
5732,alldatasheetcn.com
5733,haoyisheng.com
5734,xuetangx.com
5735,jfinal.com
5736,hit-u.ac.jp
5737,51bsi.com
5738,bncc.org.cn
5739,xsnet.cn
5740,jzic.com
5741,yuesp.com
5742,32r.com
5743,addnewer.com
